periodico,fecha,cantidad
La Nación [Argentina],2024-04-13,21
La Nación [Argentina],2024-04-14,25
La Nación [Argentina],2024-04-15,36
La Nación [Argentina],2024-04-16,40
La Nación [Argentina],2024-04-17,33
La Nación [Argentina],2024-04-18,35
La Nación [Argentina],2024-04-19,41
La Nación [Argentina],2024-04-20,15
La Nación [Argentina],2024-04-21,26
La Nación [Argentina],2024-04-22,44
La Nación [Argentina],2024-04-23,41
La Nación [Argentina],2024-04-24,43
La Nación [Argentina],2024-04-25,41
La Nación [Argentina],2024-04-26,38
La Nación [Argentina],2024-04-27,21
La Nación [Argentina],2024-04-28,18
La Nación [Argentina],2024-04-29,38
La Nación [Argentina],2024-04-30,33
La Nación [Argentina],2024-05-01,36
La Nación [Argentina],2024-05-02,44
La Nación [Argentina],2024-05-03,33
La Nación [Argentina],2024-05-04,16
La Nación [Argentina],2024-05-05,18
La Nación [Argentina],2024-05-06,31
La Nación [Argentina],2024-05-07,43
La Nación [Argentina],2024-05-08,43
La Nación [Argentina],2024-05-09,43
La Nación [Argentina],2024-05-10,42
La Nación [Argentina],2024-05-11,27
La Nación [Argentina],2024-05-12,27
La Nación [Argentina],2024-05-13,38
La Nación [Argentina],2024-05-14,37
La Nación [Argentina],2024-05-15,32
La Nación [Argentina],2024-05-16,32
La Nación [Argentina],2024-05-17,39
La Nación [Argentina],2024-05-18,21
La Nación [Argentina],2024-05-19,16
La Nación [Argentina],2024-05-20,36
La Nación [Argentina],2024-05-21,32
La Nación [Argentina],2024-05-22,40
La Nación [Argentina],2024-05-23,34
La Nación [Argentina],2024-05-24,30
La Nación [Argentina],2024-05-25,28
La Nación [Argentina],2024-05-26,29
La Nación [Argentina],2024-05-27,41
La Nación [Argentina],2024-05-28,36
La Nación [Argentina],2024-05-29,33
La Nación [Argentina],2024-05-30,36
La Nación [Argentina],2024-05-31,42
La Nación [Argentina],2024-06-01,21
La Nación [Argentina],2024-06-02,16
La Nación [Argentina],2024-06-03,38
La Nación [Argentina],2024-06-04,41
La Nación [Argentina],2024-06-05,43
La Nación [Argentina],2024-06-06,39
La Nación [Argentina],2024-06-07,36
La Nación [Argentina],2024-06-08,34
La Nación [Argentina],2024-06-09,21
La Nación [Argentina],2024-06-10,38
La Nación [Argentina],2024-06-11,32
La Nación [Argentina],2024-06-12,44
La Nación [Argentina],2024-06-13,37
La Nación [Argentina],2024-06-14,43
La Nación [Argentina],2024-06-15,26
La Nación [Argentina],2024-06-16,31
La Nación [Argentina],2024-06-17,30
La Nación [Argentina],2024-06-18,31
La Nación [Argentina],2024-06-19,34
La Nación [Argentina],2024-06-20,43
La Nación [Argentina],2024-06-21,39
La Nación [Argentina],2024-06-22,18
La Nación [Argentina],2024-06-23,31
La Nación [Argentina],2024-06-24,33
La Nación [Argentina],2024-06-25,40
La Nación [Argentina],2024-06-26,38
La Nación [Argentina],2024-06-27,42
La Nación [Argentina],2024-06-28,40
La Nación [Argentina],2024-06-29,17
La Nación [Argentina],2024-06-30,21
La Nación [Argentina],2024-07-01,37
La Nación [Argentina],2024-07-02,30
La Nación [Argentina],2024-07-03,38
La Nación [Argentina],2024-07-04,43
La Nación [Argentina],2024-07-05,41
La Nación [Argentina],2024-07-06,34
La Nación [Argentina],2024-07-07,30
La Nación [Argentina],2024-07-08,40
La Nación [Argentina],2024-07-09,32
La Nación [Argentina],2024-07-10,32
La Nación [Argentina],2024-07-11,37
La Nación [Argentina],2024-07-12,40
La Nación [Argentina],2024-07-13,20
La Nación [Argentina],2024-07-14,17
La Nación [Argentina],2024-07-15,32
La Nación [Argentina],2024-07-16,43
La Nación [Argentina],2024-07-17,32
La Nación [Argentina],2024-07-18,33
La Nación [Argentina],2024-07-19,43
La Nación [Argentina],2024-07-20,22
La Nación [Argentina],2024-07-21,15
La Nación [Argentina],2024-07-22,32
La Nación [Argentina],2024-07-23,43
La Nación [Argentina],2024-07-24,42
La Nación [Argentina],2024-07-25,40
La Nación [Argentina],2024-07-26,43
La Nación [Argentina],2024-07-27,15
La Nación [Argentina],2024-07-28,30
La Nación [Argentina],2024-07-29,30
La Nación [Argentina],2024-07-30,43
La Nación [Argentina],2024-07-31,35
La Nación [Argentina],2024-08-01,34
La Nación [Argentina],2024-08-02,43
La Nación [Argentina],2024-08-03,15
La Nación [Argentina],2024-08-04,15
La Nación [Argentina],2024-08-05,38
La Nación [Argentina],2024-08-06,39
La Nación [Argentina],2024-08-07,37
La Nación [Argentina],2024-08-08,35
La Nación [Argentina],2024-08-09,40
La Nación [Argentina],2024-08-10,31
La Nación [Argentina],2024-08-11,25
La Nación [Argentina],2024-08-12,39
La Nación [Argentina],2024-08-13,31
La Nación [Argentina],2024-08-14,41
La Nación [Argentina],2024-08-15,33
La Nación [Argentina],2024-08-16,37
La Nación [Argentina],2024-08-17,26
La Nación [Argentina],2024-08-18,16
La Nación [Argentina],2024-08-19,44
La Nación [Argentina],2024-08-20,39
La Nación [Argentina],2024-08-21,39
La Nación [Argentina],2024-08-22,33
La Nación [Argentina],2024-08-23,35
La Nación [Argentina],2024-08-24,15
La Nación [Argentina],2024-08-25,26
La Nación [Argentina],2024-08-26,33
La Nación [Argentina],2024-08-27,33
La Nación [Argentina],2024-08-28,36
La Nación [Argentina],2024-08-29,42
La Nación [Argentina],2024-08-30,43
La Nación [Argentina],2024-08-31,33
La Nación [Argentina],2024-09-01,23
La Nación [Argentina],2024-09-02,39
La Nación [Argentina],2024-09-03,31
La Nación [Argentina],2024-09-04,38
La Nación [Argentina],2024-09-05,30
La Nación [Argentina],2024-09-06,44
La Nación [Argentina],2024-09-07,17
La Nación [Argentina],2024-09-08,33
La Nación [Argentina],2024-09-09,42
La Nación [Argentina],2024-09-10,44
La Nación [Argentina],2024-09-11,43
La Nación [Argentina],2024-09-12,39
La Nación [Argentina],2024-09-13,36
La Nación [Argentina],2024-09-14,19
La Nación [Argentina],2024-09-15,18
La Nación [Argentina],2024-09-16,39
La Nación [Argentina],2024-09-17,30
La Nación [Argentina],2024-09-18,33
La Nación [Argentina],2024-09-19,36
La Nación [Argentina],2024-09-20,40
La Nación [Argentina],2024-09-21,32
La Nación [Argentina],2024-09-22,15
La Nación [Argentina],2024-09-23,41
La Nación [Argentina],2024-09-24,37
La Nación [Argentina],2024-09-25,42
La Nación [Argentina],2024-09-26,43
La Nación [Argentina],2024-09-27,31
La Nación [Argentina],2024-09-28,22
La Nación [Argentina],2024-09-29,16
La Nación [Argentina],2024-09-30,33
La Nación [Argentina],2024-10-01,42
La Nación [Argentina],2024-10-02,33
La Nación [Argentina],2024-10-03,38
La Nación [Argentina],2024-10-04,38
La Nación [Argentina],2024-10-05,31
La Nación [Argentina],2024-10-06,32
La Nación [Argentina],2024-10-07,37
La Nación [Argentina],2024-10-08,34
La Nación [Argentina],2024-10-09,42
La Nación [Argentina],2024-10-10,38
O Globo [Brasil],2024-04-13,34
O Globo [Brasil],2024-04-14,27
O Globo [Brasil],2024-04-15,41
O Globo [Brasil],2024-04-16,41
O Globo [Brasil],2024-04-17,43
O Globo [Brasil],2024-04-18,44
O Globo [Brasil],2024-04-19,32
O Globo [Brasil],2024-04-20,18
O Globo [Brasil],2024-04-21,27
O Globo [Brasil],2024-04-22,43
O Globo [Brasil],2024-04-23,36
O Globo [Brasil],2024-04-24,31
O Globo [Brasil],2024-04-25,39
O Globo [Brasil],2024-04-26,42
O Globo [Brasil],2024-04-27,27
O Globo [Brasil],2024-04-28,32
O Globo [Brasil],2024-04-29,34
O Globo [Brasil],2024-04-30,42
O Globo [Brasil],2024-05-01,30
O Globo [Brasil],2024-05-02,33
O Globo [Brasil],2024-05-03,44
O Globo [Brasil],2024-05-04,21
O Globo [Brasil],2024-05-05,21
O Globo [Brasil],2024-05-06,31
O Globo [Brasil],2024-05-07,33
O Globo [Brasil],2024-05-08,44
O Globo [Brasil],2024-05-09,32
O Globo [Brasil],2024-05-10,38
O Globo [Brasil],2024-05-11,15
O Globo [Brasil],2024-05-12,26
O Globo [Brasil],2024-05-13,42
O Globo [Brasil],2024-05-14,35
O Globo [Brasil],2024-05-15,34
O Globo [Brasil],2024-05-16,33
O Globo [Brasil],2024-05-17,38
O Globo [Brasil],2024-05-18,15
O Globo [Brasil],2024-05-19,25
O Globo [Brasil],2024-05-20,37
O Globo [Brasil],2024-05-21,41
O Globo [Brasil],2024-05-22,41
O Globo [Brasil],2024-05-23,39
O Globo [Brasil],2024-05-24,41
O Globo [Brasil],2024-05-25,31
O Globo [Brasil],2024-05-26,34
O Globo [Brasil],2024-05-27,42
O Globo [Brasil],2024-05-28,42
O Globo [Brasil],2024-05-29,34
O Globo [Brasil],2024-05-30,39
O Globo [Brasil],2024-05-31,40
O Globo [Brasil],2024-06-01,15
O Globo [Brasil],2024-06-02,29
O Globo [Brasil],2024-06-03,39
O Globo [Brasil],2024-06-04,40
O Globo [Brasil],2024-06-05,31
O Globo [Brasil],2024-06-06,30
O Globo [Brasil],2024-06-07,35
O Globo [Brasil],2024-06-08,19
O Globo [Brasil],2024-06-09,19
O Globo [Brasil],2024-06-10,32
O Globo [Brasil],2024-06-11,38
O Globo [Brasil],2024-06-12,42
O Globo [Brasil],2024-06-13,30
O Globo [Brasil],2024-06-14,31
O Globo [Brasil],2024-06-15,21
O Globo [Brasil],2024-06-16,17
O Globo [Brasil],2024-06-17,35
O Globo [Brasil],2024-06-18,43
O Globo [Brasil],2024-06-19,44
O Globo [Brasil],2024-06-20,34
O Globo [Brasil],2024-06-21,40
O Globo [Brasil],2024-06-22,16
O Globo [Brasil],2024-06-23,32
O Globo [Brasil],2024-06-24,44
O Globo [Brasil],2024-06-25,35
O Globo [Brasil],2024-06-26,41
O Globo [Brasil],2024-06-27,32
O Globo [Brasil],2024-06-28,33
O Globo [Brasil],2024-06-29,24
O Globo [Brasil],2024-06-30,19
O Globo [Brasil],2024-07-01,31
O Globo [Brasil],2024-07-02,40
O Globo [Brasil],2024-07-03,44
O Globo [Brasil],2024-07-04,44
O Globo [Brasil],2024-07-05,37
O Globo [Brasil],2024-07-06,17
O Globo [Brasil],2024-07-07,32
O Globo [Brasil],2024-07-08,34
O Globo [Brasil],2024-07-09,42
O Globo [Brasil],2024-07-10,30
O Globo [Brasil],2024-07-11,39
O Globo [Brasil],2024-07-12,43
O Globo [Brasil],2024-07-13,23
O Globo [Brasil],2024-07-14,29
O Globo [Brasil],2024-07-15,42
O Globo [Brasil],2024-07-16,30
O Globo [Brasil],2024-07-17,42
O Globo [Brasil],2024-07-18,44
O Globo [Brasil],2024-07-19,39
O Globo [Brasil],2024-07-20,16
O Globo [Brasil],2024-07-21,33
O Globo [Brasil],2024-07-22,36
O Globo [Brasil],2024-07-23,41
O Globo [Brasil],2024-07-24,35
O Globo [Brasil],2024-07-25,38
O Globo [Brasil],2024-07-26,39
O Globo [Brasil],2024-07-27,21
O Globo [Brasil],2024-07-28,27
O Globo [Brasil],2024-07-29,39
O Globo [Brasil],2024-07-30,31
O Globo [Brasil],2024-07-31,35
O Globo [Brasil],2024-08-01,37
O Globo [Brasil],2024-08-02,39
O Globo [Brasil],2024-08-03,34
O Globo [Brasil],2024-08-04,27
O Globo [Brasil],2024-08-05,30
O Globo [Brasil],2024-08-06,35
O Globo [Brasil],2024-08-07,33
O Globo [Brasil],2024-08-08,43
O Globo [Brasil],2024-08-09,36
O Globo [Brasil],2024-08-10,33
O Globo [Brasil],2024-08-11,20
O Globo [Brasil],2024-08-12,40
O Globo [Brasil],2024-08-13,35
O Globo [Brasil],2024-08-14,35
O Globo [Brasil],2024-08-15,31
O Globo [Brasil],2024-08-16,39
O Globo [Brasil],2024-08-17,19
O Globo [Brasil],2024-08-18,18
O Globo [Brasil],2024-08-19,33
O Globo [Brasil],2024-08-20,30
O Globo [Brasil],2024-08-21,35
O Globo [Brasil],2024-08-22,44
O Globo [Brasil],2024-08-23,32
O Globo [Brasil],2024-08-24,24
O Globo [Brasil],2024-08-25,26
O Globo [Brasil],2024-08-26,31
O Globo [Brasil],2024-08-27,34
O Globo [Brasil],2024-08-28,40
O Globo [Brasil],2024-08-29,36
O Globo [Brasil],2024-08-30,30
O Globo [Brasil],2024-08-31,26
O Globo [Brasil],2024-09-01,25
O Globo [Brasil],2024-09-02,32
O Globo [Brasil],2024-09-03,35
O Globo [Brasil],2024-09-04,37
O Globo [Brasil],2024-09-05,43
O Globo [Brasil],2024-09-06,34
O Globo [Brasil],2024-09-07,28
O Globo [Brasil],2024-09-08,24
O Globo [Brasil],2024-09-09,36
O Globo [Brasil],2024-09-10,32
O Globo [Brasil],2024-09-11,36
O Globo [Brasil],2024-09-12,30
O Globo [Brasil],2024-09-13,31
O Globo [Brasil],2024-09-14,22
O Globo [Brasil],2024-09-15,20
O Globo [Brasil],2024-09-16,32
O Globo [Brasil],2024-09-17,33
O Globo [Brasil],2024-09-18,30
O Globo [Brasil],2024-09-19,40
O Globo [Brasil],2024-09-20,38
O Globo [Brasil],2024-09-21,15
O Globo [Brasil],2024-09-22,24
O Globo [Brasil],2024-09-23,30
O Globo [Brasil],2024-09-24,44
O Globo [Brasil],2024-09-25,37
O Globo [Brasil],2024-09-26,42
O Globo [Brasil],2024-09-27,44
O Globo [Brasil],2024-09-28,16
O Globo [Brasil],2024-09-29,18
O Globo [Brasil],2024-09-30,33
O Globo [Brasil],2024-10-01,37
O Globo [Brasil],2024-10-02,36
O Globo [Brasil],2024-10-03,40
O Globo [Brasil],2024-10-04,37
O Globo [Brasil],2024-10-05,15
O Globo [Brasil],2024-10-06,25
O Globo [Brasil],2024-10-07,33
O Globo [Brasil],2024-10-08,37
O Globo [Brasil],2024-10-09,44
O Globo [Brasil],2024-10-10,32
El Mercurio [Chile],2024-04-13,23
El Mercurio [Chile],2024-04-14,28
El Mercurio [Chile],2024-04-15,43
El Mercurio [Chile],2024-04-16,38
El Mercurio [Chile],2024-04-17,36
El Mercurio [Chile],2024-04-18,34
El Mercurio [Chile],2024-04-19,38
El Mercurio [Chile],2024-04-20,23
El Mercurio [Chile],2024-04-21,25
El Mercurio [Chile],2024-04-22,31
El Mercurio [Chile],2024-04-23,30
El Mercurio [Chile],2024-04-24,40
El Mercurio [Chile],2024-04-25,38
El Mercurio [Chile],2024-04-26,34
El Mercurio [Chile],2024-04-27,25
El Mercurio [Chile],2024-04-28,21
El Mercurio [Chile],2024-04-29,30
El Mercurio [Chile],2024-04-30,41
El Mercurio [Chile],2024-05-01,36
El Mercurio [Chile],2024-05-02,43
El Mercurio [Chile],2024-05-03,37
El Mercurio [Chile],2024-05-04,31
El Mercurio [Chile],2024-05-05,30
El Mercurio [Chile],2024-05-06,30
El Mercurio [Chile],2024-05-07,31
El Mercurio [Chile],2024-05-08,30
El Mercurio [Chile],2024-05-09,32
El Mercurio [Chile],2024-05-10,42
El Mercurio [Chile],2024-05-11,24
El Mercurio [Chile],2024-05-12,16
El Mercurio [Chile],2024-05-13,41
El Mercurio [Chile],2024-05-14,37
El Mercurio [Chile],2024-05-15,32
El Mercurio [Chile],2024-05-16,44
El Mercurio [Chile],2024-05-17,38
El Mercurio [Chile],2024-05-18,33
El Mercurio [Chile],2024-05-19,22
El Mercurio [Chile],2024-05-20,37
El Mercurio [Chile],2024-05-21,43
El Mercurio [Chile],2024-05-22,33
El Mercurio [Chile],2024-05-23,43
El Mercurio [Chile],2024-05-24,36
El Mercurio [Chile],2024-05-25,33
El Mercurio [Chile],2024-05-26,18
El Mercurio [Chile],2024-05-27,44
El Mercurio [Chile],2024-05-28,39
El Mercurio [Chile],2024-05-29,36
El Mercurio [Chile],2024-05-30,34
El Mercurio [Chile],2024-05-31,38
El Mercurio [Chile],2024-06-01,17
El Mercurio [Chile],2024-06-02,26
El Mercurio [Chile],2024-06-03,37
El Mercurio [Chile],2024-06-04,30
El Mercurio [Chile],2024-06-05,43
El Mercurio [Chile],2024-06-06,42
El Mercurio [Chile],2024-06-07,35
El Mercurio [Chile],2024-06-08,18
El Mercurio [Chile],2024-06-09,19
El Mercurio [Chile],2024-06-10,34
El Mercurio [Chile],2024-06-11,35
El Mercurio [Chile],2024-06-12,38
El Mercurio [Chile],2024-06-13,36
El Mercurio [Chile],2024-06-14,34
El Mercurio [Chile],2024-06-15,20
El Mercurio [Chile],2024-06-16,27
El Mercurio [Chile],2024-06-17,30
El Mercurio [Chile],2024-06-18,43
El Mercurio [Chile],2024-06-19,31
El Mercurio [Chile],2024-06-20,30
El Mercurio [Chile],2024-06-21,32
El Mercurio [Chile],2024-06-22,25
El Mercurio [Chile],2024-06-23,18
El Mercurio [Chile],2024-06-24,37
El Mercurio [Chile],2024-06-25,36
El Mercurio [Chile],2024-06-26,35
El Mercurio [Chile],2024-06-27,39
El Mercurio [Chile],2024-06-28,32
El Mercurio [Chile],2024-06-29,31
El Mercurio [Chile],2024-06-30,23
El Mercurio [Chile],2024-07-01,38
El Mercurio [Chile],2024-07-02,38
El Mercurio [Chile],2024-07-03,39
El Mercurio [Chile],2024-07-04,32
El Mercurio [Chile],2024-07-05,41
El Mercurio [Chile],2024-07-06,16
El Mercurio [Chile],2024-07-07,26
El Mercurio [Chile],2024-07-08,39
El Mercurio [Chile],2024-07-09,44
El Mercurio [Chile],2024-07-10,37
El Mercurio [Chile],2024-07-11,34
El Mercurio [Chile],2024-07-12,35
El Mercurio [Chile],2024-07-13,32
El Mercurio [Chile],2024-07-14,23
El Mercurio [Chile],2024-07-15,39
El Mercurio [Chile],2024-07-16,36
El Mercurio [Chile],2024-07-17,39
El Mercurio [Chile],2024-07-18,34
El Mercurio [Chile],2024-07-19,37
El Mercurio [Chile],2024-07-20,32
El Mercurio [Chile],2024-07-21,32
El Mercurio [Chile],2024-07-22,43
El Mercurio [Chile],2024-07-23,41
El Mercurio [Chile],2024-07-24,34
El Mercurio [Chile],2024-07-25,36
El Mercurio [Chile],2024-07-26,44
El Mercurio [Chile],2024-07-27,27
El Mercurio [Chile],2024-07-28,27
El Mercurio [Chile],2024-07-29,31
El Mercurio [Chile],2024-07-30,31
El Mercurio [Chile],2024-07-31,42
El Mercurio [Chile],2024-08-01,32
El Mercurio [Chile],2024-08-02,33
El Mercurio [Chile],2024-08-03,26
El Mercurio [Chile],2024-08-04,29
El Mercurio [Chile],2024-08-05,44
El Mercurio [Chile],2024-08-06,30
El Mercurio [Chile],2024-08-07,42
El Mercurio [Chile],2024-08-08,31
El Mercurio [Chile],2024-08-09,34
El Mercurio [Chile],2024-08-10,28
El Mercurio [Chile],2024-08-11,31
El Mercurio [Chile],2024-08-12,39
El Mercurio [Chile],2024-08-13,40
El Mercurio [Chile],2024-08-14,37
El Mercurio [Chile],2024-08-15,43
El Mercurio [Chile],2024-08-16,36
El Mercurio [Chile],2024-08-17,22
El Mercurio [Chile],2024-08-18,33
El Mercurio [Chile],2024-08-19,40
El Mercurio [Chile],2024-08-20,38
El Mercurio [Chile],2024-08-21,37
El Mercurio [Chile],2024-08-22,35
El Mercurio [Chile],2024-08-23,38
El Mercurio [Chile],2024-08-24,31
El Mercurio [Chile],2024-08-25,32
El Mercurio [Chile],2024-08-26,32
El Mercurio [Chile],2024-08-27,42
El Mercurio [Chile],2024-08-28,33
El Mercurio [Chile],2024-08-29,40
El Mercurio [Chile],2024-08-30,40
El Mercurio [Chile],2024-08-31,17
El Mercurio [Chile],2024-09-01,23
El Mercurio [Chile],2024-09-02,34
El Mercurio [Chile],2024-09-03,37
El Mercurio [Chile],2024-09-04,37
El Mercurio [Chile],2024-09-05,39
El Mercurio [Chile],2024-09-06,41
El Mercurio [Chile],2024-09-07,19
El Mercurio [Chile],2024-09-08,22
El Mercurio [Chile],2024-09-09,42
El Mercurio [Chile],2024-09-10,37
El Mercurio [Chile],2024-09-11,40
El Mercurio [Chile],2024-09-12,35
El Mercurio [Chile],2024-09-13,37
El Mercurio [Chile],2024-09-14,30
El Mercurio [Chile],2024-09-15,27
El Mercurio [Chile],2024-09-16,40
El Mercurio [Chile],2024-09-17,34
El Mercurio [Chile],2024-09-18,38
El Mercurio [Chile],2024-09-19,39
El Mercurio [Chile],2024-09-20,34
El Mercurio [Chile],2024-09-21,32
El Mercurio [Chile],2024-09-22,27
El Mercurio [Chile],2024-09-23,42
El Mercurio [Chile],2024-09-24,38
El Mercurio [Chile],2024-09-25,31
El Mercurio [Chile],2024-09-26,42
El Mercurio [Chile],2024-09-27,32
El Mercurio [Chile],2024-09-28,23
El Mercurio [Chile],2024-09-29,29
El Mercurio [Chile],2024-09-30,33
El Mercurio [Chile],2024-10-01,31
El Mercurio [Chile],2024-10-02,30
El Mercurio [Chile],2024-10-03,39
El Mercurio [Chile],2024-10-04,39
El Mercurio [Chile],2024-10-05,32
El Mercurio [Chile],2024-10-06,26
El Mercurio [Chile],2024-10-07,33
El Mercurio [Chile],2024-10-08,42
El Mercurio [Chile],2024-10-09,44
El Mercurio [Chile],2024-10-10,40
El Tiempo [Colombia],2024-04-13,16
El Tiempo [Colombia],2024-04-14,18
El Tiempo [Colombia],2024-04-15,38
El Tiempo [Colombia],2024-04-16,42
El Tiempo [Colombia],2024-04-17,31
El Tiempo [Colombia],2024-04-18,35
El Tiempo [Colombia],2024-04-19,30
El Tiempo [Colombia],2024-04-20,29
El Tiempo [Colombia],2024-04-21,34
El Tiempo [Colombia],2024-04-22,34
El Tiempo [Colombia],2024-04-23,39
El Tiempo [Colombia],2024-04-24,31
El Tiempo [Colombia],2024-04-25,30
El Tiempo [Colombia],2024-04-26,31
El Tiempo [Colombia],2024-04-27,22
El Tiempo [Colombia],2024-04-28,22
El Tiempo [Colombia],2024-04-29,31
El Tiempo [Colombia],2024-04-30,42
El Tiempo [Colombia],2024-05-01,41
El Tiempo [Colombia],2024-05-02,43
El Tiempo [Colombia],2024-05-03,43
El Tiempo [Colombia],2024-05-04,26
El Tiempo [Colombia],2024-05-05,20
El Tiempo [Colombia],2024-05-06,44
El Tiempo [Colombia],2024-05-07,34
El Tiempo [Colombia],2024-05-08,40
El Tiempo [Colombia],2024-05-09,34
El Tiempo [Colombia],2024-05-10,31
El Tiempo [Colombia],2024-05-11,20
El Tiempo [Colombia],2024-05-12,15
El Tiempo [Colombia],2024-05-13,40
El Tiempo [Colombia],2024-05-14,38
El Tiempo [Colombia],2024-05-15,43
El Tiempo [Colombia],2024-05-16,35
El Tiempo [Colombia],2024-05-17,39
El Tiempo [Colombia],2024-05-18,15
El Tiempo [Colombia],2024-05-19,23
El Tiempo [Colombia],2024-05-20,42
El Tiempo [Colombia],2024-05-21,36
El Tiempo [Colombia],2024-05-22,39
El Tiempo [Colombia],2024-05-23,44
El Tiempo [Colombia],2024-05-24,41
El Tiempo [Colombia],2024-05-25,17
El Tiempo [Colombia],2024-05-26,23
El Tiempo [Colombia],2024-05-27,38
El Tiempo [Colombia],2024-05-28,37
El Tiempo [Colombia],2024-05-29,33
El Tiempo [Colombia],2024-05-30,44
El Tiempo [Colombia],2024-05-31,33
El Tiempo [Colombia],2024-06-01,17
El Tiempo [Colombia],2024-06-02,28
El Tiempo [Colombia],2024-06-03,41
El Tiempo [Colombia],2024-06-04,38
El Tiempo [Colombia],2024-06-05,32
El Tiempo [Colombia],2024-06-06,42
El Tiempo [Colombia],2024-06-07,34
El Tiempo [Colombia],2024-06-08,26
El Tiempo [Colombia],2024-06-09,33
El Tiempo [Colombia],2024-06-10,38
El Tiempo [Colombia],2024-06-11,39
El Tiempo [Colombia],2024-06-12,42
El Tiempo [Colombia],2024-06-13,30
El Tiempo [Colombia],2024-06-14,43
El Tiempo [Colombia],2024-06-15,34
El Tiempo [Colombia],2024-06-16,26
El Tiempo [Colombia],2024-06-17,31
El Tiempo [Colombia],2024-06-18,38
El Tiempo [Colombia],2024-06-19,31
El Tiempo [Colombia],2024-06-20,31
El Tiempo [Colombia],2024-06-21,39
El Tiempo [Colombia],2024-06-22,26
El Tiempo [Colombia],2024-06-23,22
El Tiempo [Colombia],2024-06-24,39
El Tiempo [Colombia],2024-06-25,43
El Tiempo [Colombia],2024-06-26,43
El Tiempo [Colombia],2024-06-27,34
El Tiempo [Colombia],2024-06-28,38
El Tiempo [Colombia],2024-06-29,29
El Tiempo [Colombia],2024-06-30,34
El Tiempo [Colombia],2024-07-01,30
El Tiempo [Colombia],2024-07-02,41
El Tiempo [Colombia],2024-07-03,34
El Tiempo [Colombia],2024-07-04,37
El Tiempo [Colombia],2024-07-05,44
El Tiempo [Colombia],2024-07-06,28
El Tiempo [Colombia],2024-07-07,24
El Tiempo [Colombia],2024-07-08,30
El Tiempo [Colombia],2024-07-09,40
El Tiempo [Colombia],2024-07-10,35
El Tiempo [Colombia],2024-07-11,40
El Tiempo [Colombia],2024-07-12,41
El Tiempo [Colombia],2024-07-13,26
El Tiempo [Colombia],2024-07-14,26
El Tiempo [Colombia],2024-07-15,31
El Tiempo [Colombia],2024-07-16,33
El Tiempo [Colombia],2024-07-17,36
El Tiempo [Colombia],2024-07-18,34
El Tiempo [Colombia],2024-07-19,30
El Tiempo [Colombia],2024-07-20,24
El Tiempo [Colombia],2024-07-21,25
El Tiempo [Colombia],2024-07-22,42
El Tiempo [Colombia],2024-07-23,37
El Tiempo [Colombia],2024-07-24,36
El Tiempo [Colombia],2024-07-25,36
El Tiempo [Colombia],2024-07-26,31
El Tiempo [Colombia],2024-07-27,22
El Tiempo [Colombia],2024-07-28,22
El Tiempo [Colombia],2024-07-29,35
El Tiempo [Colombia],2024-07-30,36
El Tiempo [Colombia],2024-07-31,39
El Tiempo [Colombia],2024-08-01,30
El Tiempo [Colombia],2024-08-02,37
El Tiempo [Colombia],2024-08-03,22
El Tiempo [Colombia],2024-08-04,15
El Tiempo [Colombia],2024-08-05,43
El Tiempo [Colombia],2024-08-06,38
El Tiempo [Colombia],2024-08-07,31
El Tiempo [Colombia],2024-08-08,44
El Tiempo [Colombia],2024-08-09,38
El Tiempo [Colombia],2024-08-10,27
El Tiempo [Colombia],2024-08-11,16
El Tiempo [Colombia],2024-08-12,35
El Tiempo [Colombia],2024-08-13,31
El Tiempo [Colombia],2024-08-14,32
El Tiempo [Colombia],2024-08-15,37
El Tiempo [Colombia],2024-08-16,38
El Tiempo [Colombia],2024-08-17,26
El Tiempo [Colombia],2024-08-18,33
El Tiempo [Colombia],2024-08-19,30
El Tiempo [Colombia],2024-08-20,39
El Tiempo [Colombia],2024-08-21,43
El Tiempo [Colombia],2024-08-22,43
El Tiempo [Colombia],2024-08-23,39
El Tiempo [Colombia],2024-08-24,20
El Tiempo [Colombia],2024-08-25,30
El Tiempo [Colombia],2024-08-26,33
El Tiempo [Colombia],2024-08-27,36
El Tiempo [Colombia],2024-08-28,41
El Tiempo [Colombia],2024-08-29,34
El Tiempo [Colombia],2024-08-30,44
El Tiempo [Colombia],2024-08-31,18
El Tiempo [Colombia],2024-09-01,18
El Tiempo [Colombia],2024-09-02,31
El Tiempo [Colombia],2024-09-03,34
El Tiempo [Colombia],2024-09-04,42
El Tiempo [Colombia],2024-09-05,37
El Tiempo [Colombia],2024-09-06,43
El Tiempo [Colombia],2024-09-07,27
El Tiempo [Colombia],2024-09-08,25
El Tiempo [Colombia],2024-09-09,39
El Tiempo [Colombia],2024-09-10,36
El Tiempo [Colombia],2024-09-11,42
El Tiempo [Colombia],2024-09-12,33
El Tiempo [Colombia],2024-09-13,35
El Tiempo [Colombia],2024-09-14,27
El Tiempo [Colombia],2024-09-15,27
El Tiempo [Colombia],2024-09-16,44
El Tiempo [Colombia],2024-09-17,38
El Tiempo [Colombia],2024-09-18,37
El Tiempo [Colombia],2024-09-19,40
El Tiempo [Colombia],2024-09-20,37
El Tiempo [Colombia],2024-09-21,21
El Tiempo [Colombia],2024-09-22,33
El Tiempo [Colombia],2024-09-23,36
El Tiempo [Colombia],2024-09-24,30
El Tiempo [Colombia],2024-09-25,30
El Tiempo [Colombia],2024-09-26,35
El Tiempo [Colombia],2024-09-27,32
El Tiempo [Colombia],2024-09-28,25
El Tiempo [Colombia],2024-09-29,27
El Tiempo [Colombia],2024-09-30,36
El Tiempo [Colombia],2024-10-01,39
El Tiempo [Colombia],2024-10-02,38
El Tiempo [Colombia],2024-10-03,37
El Tiempo [Colombia],2024-10-04,33
El Tiempo [Colombia],2024-10-05,21
El Tiempo [Colombia],2024-10-06,22
El Tiempo [Colombia],2024-10-07,32
El Tiempo [Colombia],2024-10-08,40
El Tiempo [Colombia],2024-10-09,33
El Tiempo [Colombia],2024-10-10,31
La Nación [Costa Rica],2024-04-13,22
La Nación [Costa Rica],2024-04-14,17
La Nación [Costa Rica],2024-04-15,32
La Nación [Costa Rica],2024-04-16,36
La Nación [Costa Rica],2024-04-17,30
La Nación [Costa Rica],2024-04-18,43
La Nación [Costa Rica],2024-04-19,41
La Nación [Costa Rica],2024-04-20,27
La Nación [Costa Rica],2024-04-21,30
La Nación [Costa Rica],2024-04-22,38
La Nación [Costa Rica],2024-04-23,30
La Nación [Costa Rica],2024-04-24,33
La Nación [Costa Rica],2024-04-25,42
La Nación [Costa Rica],2024-04-26,37
La Nación [Costa Rica],2024-04-27,22
La Nación [Costa Rica],2024-04-28,34
La Nación [Costa Rica],2024-04-29,37
La Nación [Costa Rica],2024-04-30,34
La Nación [Costa Rica],2024-05-01,33
La Nación [Costa Rica],2024-05-02,33
La Nación [Costa Rica],2024-05-03,42
La Nación [Costa Rica],2024-05-04,16
La Nación [Costa Rica],2024-05-05,17
La Nación [Costa Rica],2024-05-06,39
La Nación [Costa Rica],2024-05-07,35
La Nación [Costa Rica],2024-05-08,44
La Nación [Costa Rica],2024-05-09,33
La Nación [Costa Rica],2024-05-10,30
La Nación [Costa Rica],2024-05-11,27
La Nación [Costa Rica],2024-05-12,24
La Nación [Costa Rica],2024-05-13,36
La Nación [Costa Rica],2024-05-14,44
La Nación [Costa Rica],2024-05-15,40
La Nación [Costa Rica],2024-05-16,43
La Nación [Costa Rica],2024-05-17,39
La Nación [Costa Rica],2024-05-18,15
La Nación [Costa Rica],2024-05-19,15
La Nación [Costa Rica],2024-05-20,43
La Nación [Costa Rica],2024-05-21,32
La Nación [Costa Rica],2024-05-22,42
La Nación [Costa Rica],2024-05-23,34
La Nación [Costa Rica],2024-05-24,44
La Nación [Costa Rica],2024-05-25,26
La Nación [Costa Rica],2024-05-26,34
La Nación [Costa Rica],2024-05-27,44
La Nación [Costa Rica],2024-05-28,40
La Nación [Costa Rica],2024-05-29,36
La Nación [Costa Rica],2024-05-30,34
La Nación [Costa Rica],2024-05-31,38
La Nación [Costa Rica],2024-06-01,32
La Nación [Costa Rica],2024-06-02,33
La Nación [Costa Rica],2024-06-03,38
La Nación [Costa Rica],2024-06-04,32
La Nación [Costa Rica],2024-06-05,41
La Nación [Costa Rica],2024-06-06,36
La Nación [Costa Rica],2024-06-07,36
La Nación [Costa Rica],2024-06-08,34
La Nación [Costa Rica],2024-06-09,21
La Nación [Costa Rica],2024-06-10,33
La Nación [Costa Rica],2024-06-11,32
La Nación [Costa Rica],2024-06-12,35
La Nación [Costa Rica],2024-06-13,42
La Nación [Costa Rica],2024-06-14,36
La Nación [Costa Rica],2024-06-15,20
La Nación [Costa Rica],2024-06-16,21
La Nación [Costa Rica],2024-06-17,34
La Nación [Costa Rica],2024-06-18,34
La Nación [Costa Rica],2024-06-19,42
La Nación [Costa Rica],2024-06-20,30
La Nación [Costa Rica],2024-06-21,34
La Nación [Costa Rica],2024-06-22,18
La Nación [Costa Rica],2024-06-23,32
La Nación [Costa Rica],2024-06-24,42
La Nación [Costa Rica],2024-06-25,39
La Nación [Costa Rica],2024-06-26,30
La Nación [Costa Rica],2024-06-27,37
La Nación [Costa Rica],2024-06-28,31
La Nación [Costa Rica],2024-06-29,15
La Nación [Costa Rica],2024-06-30,22
La Nación [Costa Rica],2024-07-01,37
La Nación [Costa Rica],2024-07-02,30
La Nación [Costa Rica],2024-07-03,36
La Nación [Costa Rica],2024-07-04,34
La Nación [Costa Rica],2024-07-05,34
La Nación [Costa Rica],2024-07-06,25
La Nación [Costa Rica],2024-07-07,17
La Nación [Costa Rica],2024-07-08,34
La Nación [Costa Rica],2024-07-09,43
La Nación [Costa Rica],2024-07-10,44
La Nación [Costa Rica],2024-07-11,41
La Nación [Costa Rica],2024-07-12,34
La Nación [Costa Rica],2024-07-13,22
La Nación [Costa Rica],2024-07-14,30
La Nación [Costa Rica],2024-07-15,37
La Nación [Costa Rica],2024-07-16,44
La Nación [Costa Rica],2024-07-17,33
La Nación [Costa Rica],2024-07-18,38
La Nación [Costa Rica],2024-07-19,36
La Nación [Costa Rica],2024-07-20,24
La Nación [Costa Rica],2024-07-21,22
La Nación [Costa Rica],2024-07-22,34
La Nación [Costa Rica],2024-07-23,41
La Nación [Costa Rica],2024-07-24,44
La Nación [Costa Rica],2024-07-25,36
La Nación [Costa Rica],2024-07-26,40
La Nación [Costa Rica],2024-07-27,32
La Nación [Costa Rica],2024-07-28,26
La Nación [Costa Rica],2024-07-29,37
La Nación [Costa Rica],2024-07-30,43
La Nación [Costa Rica],2024-07-31,41
La Nación [Costa Rica],2024-08-01,34
La Nación [Costa Rica],2024-08-02,43
La Nación [Costa Rica],2024-08-03,28
La Nación [Costa Rica],2024-08-04,25
La Nación [Costa Rica],2024-08-05,41
La Nación [Costa Rica],2024-08-06,31
La Nación [Costa Rica],2024-08-07,33
La Nación [Costa Rica],2024-08-08,44
La Nación [Costa Rica],2024-08-09,41
La Nación [Costa Rica],2024-08-10,19
La Nación [Costa Rica],2024-08-11,33
La Nación [Costa Rica],2024-08-12,38
La Nación [Costa Rica],2024-08-13,39
La Nación [Costa Rica],2024-08-14,30
La Nación [Costa Rica],2024-08-15,30
La Nación [Costa Rica],2024-08-16,39
La Nación [Costa Rica],2024-08-17,24
La Nación [Costa Rica],2024-08-18,16
La Nación [Costa Rica],2024-08-19,38
La Nación [Costa Rica],2024-08-20,39
La Nación [Costa Rica],2024-08-21,41
La Nación [Costa Rica],2024-08-22,38
La Nación [Costa Rica],2024-08-23,33
La Nación [Costa Rica],2024-08-24,20
La Nación [Costa Rica],2024-08-25,18
La Nación [Costa Rica],2024-08-26,33
La Nación [Costa Rica],2024-08-27,32
La Nación [Costa Rica],2024-08-28,34
La Nación [Costa Rica],2024-08-29,34
La Nación [Costa Rica],2024-08-30,33
La Nación [Costa Rica],2024-08-31,34
La Nación [Costa Rica],2024-09-01,18
La Nación [Costa Rica],2024-09-02,34
La Nación [Costa Rica],2024-09-03,33
La Nación [Costa Rica],2024-09-04,37
La Nación [Costa Rica],2024-09-05,32
La Nación [Costa Rica],2024-09-06,30
La Nación [Costa Rica],2024-09-07,27
La Nación [Costa Rica],2024-09-08,20
La Nación [Costa Rica],2024-09-09,42
La Nación [Costa Rica],2024-09-10,30
La Nación [Costa Rica],2024-09-11,44
La Nación [Costa Rica],2024-09-12,41
La Nación [Costa Rica],2024-09-13,38
La Nación [Costa Rica],2024-09-14,15
La Nación [Costa Rica],2024-09-15,34
La Nación [Costa Rica],2024-09-16,44
La Nación [Costa Rica],2024-09-17,41
La Nación [Costa Rica],2024-09-18,39
La Nación [Costa Rica],2024-09-19,33
La Nación [Costa Rica],2024-09-20,32
La Nación [Costa Rica],2024-09-21,27
La Nación [Costa Rica],2024-09-22,27
La Nación [Costa Rica],2024-09-23,39
La Nación [Costa Rica],2024-09-24,32
La Nación [Costa Rica],2024-09-25,34
La Nación [Costa Rica],2024-09-26,39
La Nación [Costa Rica],2024-09-27,39
La Nación [Costa Rica],2024-09-28,21
La Nación [Costa Rica],2024-09-29,18
La Nación [Costa Rica],2024-09-30,43
La Nación [Costa Rica],2024-10-01,38
La Nación [Costa Rica],2024-10-02,33
La Nación [Costa Rica],2024-10-03,41
La Nación [Costa Rica],2024-10-04,41
La Nación [Costa Rica],2024-10-05,28
La Nación [Costa Rica],2024-10-06,24
La Nación [Costa Rica],2024-10-07,38
La Nación [Costa Rica],2024-10-08,40
La Nación [Costa Rica],2024-10-09,40
La Nación [Costa Rica],2024-10-10,31
La Prensa Gráfica [El Salvador],2024-04-13,20
La Prensa Gráfica [El Salvador],2024-04-14,25
La Prensa Gráfica [El Salvador],2024-04-15,36
La Prensa Gráfica [El Salvador],2024-04-16,41
La Prensa Gráfica [El Salvador],2024-04-17,38
La Prensa Gráfica [El Salvador],2024-04-18,31
La Prensa Gráfica [El Salvador],2024-04-19,39
La Prensa Gráfica [El Salvador],2024-04-20,33
La Prensa Gráfica [El Salvador],2024-04-21,26
La Prensa Gráfica [El Salvador],2024-04-22,34
La Prensa Gráfica [El Salvador],2024-04-23,38
La Prensa Gráfica [El Salvador],2024-04-24,30
La Prensa Gráfica [El Salvador],2024-04-25,42
La Prensa Gráfica [El Salvador],2024-04-26,40
La Prensa Gráfica [El Salvador],2024-04-27,31
La Prensa Gráfica [El Salvador],2024-04-28,28
La Prensa Gráfica [El Salvador],2024-04-29,39
La Prensa Gráfica [El Salvador],2024-04-30,35
La Prensa Gráfica [El Salvador],2024-05-01,39
La Prensa Gráfica [El Salvador],2024-05-02,32
La Prensa Gráfica [El Salvador],2024-05-03,41
La Prensa Gráfica [El Salvador],2024-05-04,20
La Prensa Gráfica [El Salvador],2024-05-05,33
La Prensa Gráfica [El Salvador],2024-05-06,36
La Prensa Gráfica [El Salvador],2024-05-07,44
La Prensa Gráfica [El Salvador],2024-05-08,35
La Prensa Gráfica [El Salvador],2024-05-09,34
La Prensa Gráfica [El Salvador],2024-05-10,41
La Prensa Gráfica [El Salvador],2024-05-11,23
La Prensa Gráfica [El Salvador],2024-05-12,31
La Prensa Gráfica [El Salvador],2024-05-13,43
La Prensa Gráfica [El Salvador],2024-05-14,30
La Prensa Gráfica [El Salvador],2024-05-15,35
La Prensa Gráfica [El Salvador],2024-05-16,38
La Prensa Gráfica [El Salvador],2024-05-17,32
La Prensa Gráfica [El Salvador],2024-05-18,26
La Prensa Gráfica [El Salvador],2024-05-19,23
La Prensa Gráfica [El Salvador],2024-05-20,37
La Prensa Gráfica [El Salvador],2024-05-21,44
La Prensa Gráfica [El Salvador],2024-05-22,31
La Prensa Gráfica [El Salvador],2024-05-23,35
La Prensa Gráfica [El Salvador],2024-05-24,32
La Prensa Gráfica [El Salvador],2024-05-25,32
La Prensa Gráfica [El Salvador],2024-05-26,15
La Prensa Gráfica [El Salvador],2024-05-27,37
La Prensa Gráfica [El Salvador],2024-05-28,40
La Prensa Gráfica [El Salvador],2024-05-29,35
La Prensa Gráfica [El Salvador],2024-05-30,38
La Prensa Gráfica [El Salvador],2024-05-31,36
La Prensa Gráfica [El Salvador],2024-06-01,27
La Prensa Gráfica [El Salvador],2024-06-02,20
La Prensa Gráfica [El Salvador],2024-06-03,30
La Prensa Gráfica [El Salvador],2024-06-04,31
La Prensa Gráfica [El Salvador],2024-06-05,34
La Prensa Gráfica [El Salvador],2024-06-06,42
La Prensa Gráfica [El Salvador],2024-06-07,31
La Prensa Gráfica [El Salvador],2024-06-08,26
La Prensa Gráfica [El Salvador],2024-06-09,26
La Prensa Gráfica [El Salvador],2024-06-10,37
La Prensa Gráfica [El Salvador],2024-06-11,41
La Prensa Gráfica [El Salvador],2024-06-12,34
La Prensa Gráfica [El Salvador],2024-06-13,43
La Prensa Gráfica [El Salvador],2024-06-14,33
La Prensa Gráfica [El Salvador],2024-06-15,29
La Prensa Gráfica [El Salvador],2024-06-16,30
La Prensa Gráfica [El Salvador],2024-06-17,40
La Prensa Gráfica [El Salvador],2024-06-18,32
La Prensa Gráfica [El Salvador],2024-06-19,31
La Prensa Gráfica [El Salvador],2024-06-20,37
La Prensa Gráfica [El Salvador],2024-06-21,35
La Prensa Gráfica [El Salvador],2024-06-22,15
La Prensa Gráfica [El Salvador],2024-06-23,17
La Prensa Gráfica [El Salvador],2024-06-24,44
La Prensa Gráfica [El Salvador],2024-06-25,34
La Prensa Gráfica [El Salvador],2024-06-26,34
La Prensa Gráfica [El Salvador],2024-06-27,33
La Prensa Gráfica [El Salvador],2024-06-28,38
La Prensa Gráfica [El Salvador],2024-06-29,29
La Prensa Gráfica [El Salvador],2024-06-30,20
La Prensa Gráfica [El Salvador],2024-07-01,35
La Prensa Gráfica [El Salvador],2024-07-02,37
La Prensa Gráfica [El Salvador],2024-07-03,43
La Prensa Gráfica [El Salvador],2024-07-04,30
La Prensa Gráfica [El Salvador],2024-07-05,43
La Prensa Gráfica [El Salvador],2024-07-06,30
La Prensa Gráfica [El Salvador],2024-07-07,17
La Prensa Gráfica [El Salvador],2024-07-08,41
La Prensa Gráfica [El Salvador],2024-07-09,43
La Prensa Gráfica [El Salvador],2024-07-10,36
La Prensa Gráfica [El Salvador],2024-07-11,44
La Prensa Gráfica [El Salvador],2024-07-12,35
La Prensa Gráfica [El Salvador],2024-07-13,22
La Prensa Gráfica [El Salvador],2024-07-14,15
La Prensa Gráfica [El Salvador],2024-07-15,40
La Prensa Gráfica [El Salvador],2024-07-16,40
La Prensa Gráfica [El Salvador],2024-07-17,33
La Prensa Gráfica [El Salvador],2024-07-18,37
La Prensa Gráfica [El Salvador],2024-07-19,43
La Prensa Gráfica [El Salvador],2024-07-20,30
La Prensa Gráfica [El Salvador],2024-07-21,26
La Prensa Gráfica [El Salvador],2024-07-22,43
La Prensa Gráfica [El Salvador],2024-07-23,34
La Prensa Gráfica [El Salvador],2024-07-24,34
La Prensa Gráfica [El Salvador],2024-07-25,34
La Prensa Gráfica [El Salvador],2024-07-26,38
La Prensa Gráfica [El Salvador],2024-07-27,16
La Prensa Gráfica [El Salvador],2024-07-28,29
La Prensa Gráfica [El Salvador],2024-07-29,41
La Prensa Gráfica [El Salvador],2024-07-30,38
La Prensa Gráfica [El Salvador],2024-07-31,42
La Prensa Gráfica [El Salvador],2024-08-01,32
La Prensa Gráfica [El Salvador],2024-08-02,42
La Prensa Gráfica [El Salvador],2024-08-03,21
La Prensa Gráfica [El Salvador],2024-08-04,27
La Prensa Gráfica [El Salvador],2024-08-05,31
La Prensa Gráfica [El Salvador],2024-08-06,36
La Prensa Gráfica [El Salvador],2024-08-07,36
La Prensa Gráfica [El Salvador],2024-08-08,38
La Prensa Gráfica [El Salvador],2024-08-09,41
La Prensa Gráfica [El Salvador],2024-08-10,22
La Prensa Gráfica [El Salvador],2024-08-11,15
La Prensa Gráfica [El Salvador],2024-08-12,37
La Prensa Gráfica [El Salvador],2024-08-13,42
La Prensa Gráfica [El Salvador],2024-08-14,42
La Prensa Gráfica [El Salvador],2024-08-15,43
La Prensa Gráfica [El Salvador],2024-08-16,40
La Prensa Gráfica [El Salvador],2024-08-17,21
La Prensa Gráfica [El Salvador],2024-08-18,24
La Prensa Gráfica [El Salvador],2024-08-19,38
La Prensa Gráfica [El Salvador],2024-08-20,30
La Prensa Gráfica [El Salvador],2024-08-21,34
La Prensa Gráfica [El Salvador],2024-08-22,36
La Prensa Gráfica [El Salvador],2024-08-23,40
La Prensa Gráfica [El Salvador],2024-08-24,27
La Prensa Gráfica [El Salvador],2024-08-25,22
La Prensa Gráfica [El Salvador],2024-08-26,37
La Prensa Gráfica [El Salvador],2024-08-27,42
La Prensa Gráfica [El Salvador],2024-08-28,30
La Prensa Gráfica [El Salvador],2024-08-29,41
La Prensa Gráfica [El Salvador],2024-08-30,38
La Prensa Gráfica [El Salvador],2024-08-31,27
La Prensa Gráfica [El Salvador],2024-09-01,29
La Prensa Gráfica [El Salvador],2024-09-02,31
La Prensa Gráfica [El Salvador],2024-09-03,44
La Prensa Gráfica [El Salvador],2024-09-04,32
La Prensa Gráfica [El Salvador],2024-09-05,33
La Prensa Gráfica [El Salvador],2024-09-06,39
La Prensa Gráfica [El Salvador],2024-09-07,21
La Prensa Gráfica [El Salvador],2024-09-08,23
La Prensa Gráfica [El Salvador],2024-09-09,40
La Prensa Gráfica [El Salvador],2024-09-10,31
La Prensa Gráfica [El Salvador],2024-09-11,38
La Prensa Gráfica [El Salvador],2024-09-12,33
La Prensa Gráfica [El Salvador],2024-09-13,31
La Prensa Gráfica [El Salvador],2024-09-14,30
La Prensa Gráfica [El Salvador],2024-09-15,23
La Prensa Gráfica [El Salvador],2024-09-16,30
La Prensa Gráfica [El Salvador],2024-09-17,39
La Prensa Gráfica [El Salvador],2024-09-18,30
La Prensa Gráfica [El Salvador],2024-09-19,38
La Prensa Gráfica [El Salvador],2024-09-20,35
La Prensa Gráfica [El Salvador],2024-09-21,17
La Prensa Gráfica [El Salvador],2024-09-22,20
La Prensa Gráfica [El Salvador],2024-09-23,32
La Prensa Gráfica [El Salvador],2024-09-24,44
La Prensa Gráfica [El Salvador],2024-09-25,37
La Prensa Gráfica [El Salvador],2024-09-26,39
La Prensa Gráfica [El Salvador],2024-09-27,33
La Prensa Gráfica [El Salvador],2024-09-28,21
La Prensa Gráfica [El Salvador],2024-09-29,19
La Prensa Gráfica [El Salvador],2024-09-30,37
La Prensa Gráfica [El Salvador],2024-10-01,33
La Prensa Gráfica [El Salvador],2024-10-02,41
La Prensa Gráfica [El Salvador],2024-10-03,40
La Prensa Gráfica [El Salvador],2024-10-04,43
La Prensa Gráfica [El Salvador],2024-10-05,20
La Prensa Gráfica [El Salvador],2024-10-06,30
La Prensa Gráfica [El Salvador],2024-10-07,35
La Prensa Gráfica [El Salvador],2024-10-08,30
La Prensa Gráfica [El Salvador],2024-10-09,43
La Prensa Gráfica [El Salvador],2024-10-10,32
El Universal [México],2024-04-13,28
El Universal [México],2024-04-14,24
El Universal [México],2024-04-15,40
El Universal [México],2024-04-16,43
El Universal [México],2024-04-17,42
El Universal [México],2024-04-18,34
El Universal [México],2024-04-19,33
El Universal [México],2024-04-20,31
El Universal [México],2024-04-21,34
El Universal [México],2024-04-22,35
El Universal [México],2024-04-23,38
El Universal [México],2024-04-24,42
El Universal [México],2024-04-25,36
El Universal [México],2024-04-26,31
El Universal [México],2024-04-27,31
El Universal [México],2024-04-28,26
El Universal [México],2024-04-29,32
El Universal [México],2024-04-30,37
El Universal [México],2024-05-01,44
El Universal [México],2024-05-02,32
El Universal [México],2024-05-03,41
El Universal [México],2024-05-04,33
El Universal [México],2024-05-05,22
El Universal [México],2024-05-06,33
El Universal [México],2024-05-07,40
El Universal [México],2024-05-08,35
El Universal [México],2024-05-09,35
El Universal [México],2024-05-10,36
El Universal [México],2024-05-11,34
El Universal [México],2024-05-12,26
El Universal [México],2024-05-13,32
El Universal [México],2024-05-14,41
El Universal [México],2024-05-15,44
El Universal [México],2024-05-16,35
El Universal [México],2024-05-17,37
El Universal [México],2024-05-18,25
El Universal [México],2024-05-19,33
El Universal [México],2024-05-20,41
El Universal [México],2024-05-21,44
El Universal [México],2024-05-22,32
El Universal [México],2024-05-23,37
El Universal [México],2024-05-24,30
El Universal [México],2024-05-25,22
El Universal [México],2024-05-26,17
El Universal [México],2024-05-27,43
El Universal [México],2024-05-28,31
El Universal [México],2024-05-29,40
El Universal [México],2024-05-30,39
El Universal [México],2024-05-31,41
El Universal [México],2024-06-01,17
El Universal [México],2024-06-02,32
El Universal [México],2024-06-03,37
El Universal [México],2024-06-04,32
El Universal [México],2024-06-05,34
El Universal [México],2024-06-06,42
El Universal [México],2024-06-07,41
El Universal [México],2024-06-08,18
El Universal [México],2024-06-09,22
El Universal [México],2024-06-10,43
El Universal [México],2024-06-11,35
El Universal [México],2024-06-12,32
El Universal [México],2024-06-13,42
El Universal [México],2024-06-14,32
El Universal [México],2024-06-15,16
El Universal [México],2024-06-16,16
El Universal [México],2024-06-17,35
El Universal [México],2024-06-18,39
El Universal [México],2024-06-19,44
El Universal [México],2024-06-20,32
El Universal [México],2024-06-21,37
El Universal [México],2024-06-22,21
El Universal [México],2024-06-23,23
El Universal [México],2024-06-24,34
El Universal [México],2024-06-25,35
El Universal [México],2024-06-26,43
El Universal [México],2024-06-27,37
El Universal [México],2024-06-28,31
El Universal [México],2024-06-29,28
El Universal [México],2024-06-30,29
El Universal [México],2024-07-01,36
El Universal [México],2024-07-02,36
El Universal [México],2024-07-03,37
El Universal [México],2024-07-04,38
El Universal [México],2024-07-05,38
El Universal [México],2024-07-06,32
El Universal [México],2024-07-07,32
El Universal [México],2024-07-08,34
El Universal [México],2024-07-09,42
El Universal [México],2024-07-10,30
El Universal [México],2024-07-11,40
El Universal [México],2024-07-12,33
El Universal [México],2024-07-13,27
El Universal [México],2024-07-14,30
El Universal [México],2024-07-15,30
El Universal [México],2024-07-16,42
El Universal [México],2024-07-17,38
El Universal [México],2024-07-18,44
El Universal [México],2024-07-19,40
El Universal [México],2024-07-20,26
El Universal [México],2024-07-21,29
El Universal [México],2024-07-22,32
El Universal [México],2024-07-23,39
El Universal [México],2024-07-24,36
El Universal [México],2024-07-25,32
El Universal [México],2024-07-26,43
El Universal [México],2024-07-27,21
El Universal [México],2024-07-28,19
El Universal [México],2024-07-29,31
El Universal [México],2024-07-30,35
El Universal [México],2024-07-31,35
El Universal [México],2024-08-01,36
El Universal [México],2024-08-02,38
El Universal [México],2024-08-03,18
El Universal [México],2024-08-04,20
El Universal [México],2024-08-05,41
El Universal [México],2024-08-06,30
El Universal [México],2024-08-07,40
El Universal [México],2024-08-08,30
El Universal [México],2024-08-09,34
El Universal [México],2024-08-10,24
El Universal [México],2024-08-11,20
El Universal [México],2024-08-12,33
El Universal [México],2024-08-13,38
El Universal [México],2024-08-14,30
El Universal [México],2024-08-15,37
El Universal [México],2024-08-16,33
El Universal [México],2024-08-17,20
El Universal [México],2024-08-18,30
El Universal [México],2024-08-19,41
El Universal [México],2024-08-20,35
El Universal [México],2024-08-21,44
El Universal [México],2024-08-22,34
El Universal [México],2024-08-23,34
El Universal [México],2024-08-24,21
El Universal [México],2024-08-25,26
El Universal [México],2024-08-26,34
El Universal [México],2024-08-27,33
El Universal [México],2024-08-28,40
El Universal [México],2024-08-29,38
El Universal [México],2024-08-30,35
El Universal [México],2024-08-31,17
El Universal [México],2024-09-01,16
El Universal [México],2024-09-02,36
El Universal [México],2024-09-03,39
El Universal [México],2024-09-04,34
El Universal [México],2024-09-05,31
El Universal [México],2024-09-06,41
El Universal [México],2024-09-07,26
El Universal [México],2024-09-08,24
El Universal [México],2024-09-09,42
El Universal [México],2024-09-10,33
El Universal [México],2024-09-11,40
El Universal [México],2024-09-12,44
El Universal [México],2024-09-13,35
El Universal [México],2024-09-14,23
El Universal [México],2024-09-15,31
El Universal [México],2024-09-16,33
El Universal [México],2024-09-17,35
El Universal [México],2024-09-18,40
El Universal [México],2024-09-19,42
El Universal [México],2024-09-20,34
El Universal [México],2024-09-21,32
El Universal [México],2024-09-22,27
El Universal [México],2024-09-23,42
El Universal [México],2024-09-24,40
El Universal [México],2024-09-25,40
El Universal [México],2024-09-26,44
El Universal [México],2024-09-27,38
El Universal [México],2024-09-28,30
El Universal [México],2024-09-29,32
El Universal [México],2024-09-30,35
El Universal [México],2024-10-01,35
El Universal [México],2024-10-02,42
El Universal [México],2024-10-03,30
El Universal [México],2024-10-04,31
El Universal [México],2024-10-05,27
El Universal [México],2024-10-06,18
El Universal [México],2024-10-07,40
El Universal [México],2024-10-08,33
El Universal [México],2024-10-09,42
El Universal [México],2024-10-10,34
El Comercio [Perú],2024-04-13,24
El Comercio [Perú],2024-04-14,24
El Comercio [Perú],2024-04-15,37
El Comercio [Perú],2024-04-16,34
El Comercio [Perú],2024-04-17,32
El Comercio [Perú],2024-04-18,39
El Comercio [Perú],2024-04-19,37
El Comercio [Perú],2024-04-20,33
El Comercio [Perú],2024-04-21,21
El Comercio [Perú],2024-04-22,33
El Comercio [Perú],2024-04-23,32
El Comercio [Perú],2024-04-24,39
El Comercio [Perú],2024-04-25,42
El Comercio [Perú],2024-04-26,34
El Comercio [Perú],2024-04-27,15
El Comercio [Perú],2024-04-28,27
El Comercio [Perú],2024-04-29,39
El Comercio [Perú],2024-04-30,38
El Comercio [Perú],2024-05-01,30
El Comercio [Perú],2024-05-02,42
El Comercio [Perú],2024-05-03,34
El Comercio [Perú],2024-05-04,17
El Comercio [Perú],2024-05-05,33
El Comercio [Perú],2024-05-06,44
El Comercio [Perú],2024-05-07,37
El Comercio [Perú],2024-05-08,33
El Comercio [Perú],2024-05-09,44
El Comercio [Perú],2024-05-10,42
El Comercio [Perú],2024-05-11,33
El Comercio [Perú],2024-05-12,28
El Comercio [Perú],2024-05-13,32
El Comercio [Perú],2024-05-14,44
El Comercio [Perú],2024-05-15,44
El Comercio [Perú],2024-05-16,42
El Comercio [Perú],2024-05-17,33
El Comercio [Perú],2024-05-18,31
El Comercio [Perú],2024-05-19,19
El Comercio [Perú],2024-05-20,38
El Comercio [Perú],2024-05-21,34
El Comercio [Perú],2024-05-22,36
El Comercio [Perú],2024-05-23,42
El Comercio [Perú],2024-05-24,32
El Comercio [Perú],2024-05-25,26
El Comercio [Perú],2024-05-26,18
El Comercio [Perú],2024-05-27,42
El Comercio [Perú],2024-05-28,43
El Comercio [Perú],2024-05-29,40
El Comercio [Perú],2024-05-30,43
El Comercio [Perú],2024-05-31,35
El Comercio [Perú],2024-06-01,22
El Comercio [Perú],2024-06-02,24
El Comercio [Perú],2024-06-03,31
El Comercio [Perú],2024-06-04,40
El Comercio [Perú],2024-06-05,30
El Comercio [Perú],2024-06-06,44
El Comercio [Perú],2024-06-07,34
El Comercio [Perú],2024-06-08,33
El Comercio [Perú],2024-06-09,16
El Comercio [Perú],2024-06-10,36
El Comercio [Perú],2024-06-11,44
El Comercio [Perú],2024-06-12,42
El Comercio [Perú],2024-06-13,31
El Comercio [Perú],2024-06-14,38
El Comercio [Perú],2024-06-15,34
El Comercio [Perú],2024-06-16,31
El Comercio [Perú],2024-06-17,44
El Comercio [Perú],2024-06-18,30
El Comercio [Perú],2024-06-19,44
El Comercio [Perú],2024-06-20,33
El Comercio [Perú],2024-06-21,40
El Comercio [Perú],2024-06-22,28
El Comercio [Perú],2024-06-23,18
El Comercio [Perú],2024-06-24,30
El Comercio [Perú],2024-06-25,34
El Comercio [Perú],2024-06-26,35
El Comercio [Perú],2024-06-27,43
El Comercio [Perú],2024-06-28,40
El Comercio [Perú],2024-06-29,34
El Comercio [Perú],2024-06-30,16
El Comercio [Perú],2024-07-01,37
El Comercio [Perú],2024-07-02,36
El Comercio [Perú],2024-07-03,36
El Comercio [Perú],2024-07-04,33
El Comercio [Perú],2024-07-05,30
El Comercio [Perú],2024-07-06,25
El Comercio [Perú],2024-07-07,31
El Comercio [Perú],2024-07-08,38
El Comercio [Perú],2024-07-09,35
El Comercio [Perú],2024-07-10,43
El Comercio [Perú],2024-07-11,32
El Comercio [Perú],2024-07-12,31
El Comercio [Perú],2024-07-13,18
El Comercio [Perú],2024-07-14,21
El Comercio [Perú],2024-07-15,36
El Comercio [Perú],2024-07-16,42
El Comercio [Perú],2024-07-17,37
El Comercio [Perú],2024-07-18,38
El Comercio [Perú],2024-07-19,43
El Comercio [Perú],2024-07-20,16
El Comercio [Perú],2024-07-21,23
El Comercio [Perú],2024-07-22,33
El Comercio [Perú],2024-07-23,30
El Comercio [Perú],2024-07-24,32
El Comercio [Perú],2024-07-25,32
El Comercio [Perú],2024-07-26,37
El Comercio [Perú],2024-07-27,25
El Comercio [Perú],2024-07-28,29
El Comercio [Perú],2024-07-29,38
El Comercio [Perú],2024-07-30,32
El Comercio [Perú],2024-07-31,31
El Comercio [Perú],2024-08-01,35
El Comercio [Perú],2024-08-02,40
El Comercio [Perú],2024-08-03,30
El Comercio [Perú],2024-08-04,18
El Comercio [Perú],2024-08-05,30
El Comercio [Perú],2024-08-06,39
El Comercio [Perú],2024-08-07,35
El Comercio [Perú],2024-08-08,40
El Comercio [Perú],2024-08-09,31
El Comercio [Perú],2024-08-10,15
El Comercio [Perú],2024-08-11,21
El Comercio [Perú],2024-08-12,32
El Comercio [Perú],2024-08-13,38
El Comercio [Perú],2024-08-14,35
El Comercio [Perú],2024-08-15,39
El Comercio [Perú],2024-08-16,31
El Comercio [Perú],2024-08-17,29
El Comercio [Perú],2024-08-18,23
El Comercio [Perú],2024-08-19,30
El Comercio [Perú],2024-08-20,39
El Comercio [Perú],2024-08-21,37
El Comercio [Perú],2024-08-22,36
El Comercio [Perú],2024-08-23,44
El Comercio [Perú],2024-08-24,19
El Comercio [Perú],2024-08-25,22
El Comercio [Perú],2024-08-26,32
El Comercio [Perú],2024-08-27,40
El Comercio [Perú],2024-08-28,36
El Comercio [Perú],2024-08-29,44
El Comercio [Perú],2024-08-30,44
El Comercio [Perú],2024-08-31,17
El Comercio [Perú],2024-09-01,28
El Comercio [Perú],2024-09-02,39
El Comercio [Perú],2024-09-03,35
El Comercio [Perú],2024-09-04,30
El Comercio [Perú],2024-09-05,35
El Comercio [Perú],2024-09-06,37
El Comercio [Perú],2024-09-07,25
El Comercio [Perú],2024-09-08,18
El Comercio [Perú],2024-09-09,34
El Comercio [Perú],2024-09-10,31
El Comercio [Perú],2024-09-11,39
El Comercio [Perú],2024-09-12,35
El Comercio [Perú],2024-09-13,35
El Comercio [Perú],2024-09-14,29
El Comercio [Perú],2024-09-15,28
El Comercio [Perú],2024-09-16,30
El Comercio [Perú],2024-09-17,42
El Comercio [Perú],2024-09-18,41
El Comercio [Perú],2024-09-19,32
El Comercio [Perú],2024-09-20,32
El Comercio [Perú],2024-09-21,15
El Comercio [Perú],2024-09-22,24
El Comercio [Perú],2024-09-23,42
El Comercio [Perú],2024-09-24,36
El Comercio [Perú],2024-09-25,39
El Comercio [Perú],2024-09-26,36
El Comercio [Perú],2024-09-27,34
El Comercio [Perú],2024-09-28,33
El Comercio [Perú],2024-09-29,23
El Comercio [Perú],2024-09-30,30
El Comercio [Perú],2024-10-01,32
El Comercio [Perú],2024-10-02,35
El Comercio [Perú],2024-10-03,34
El Comercio [Perú],2024-10-04,43
El Comercio [Perú],2024-10-05,27
El Comercio [Perú],2024-10-06,16
El Comercio [Perú],2024-10-07,31
El Comercio [Perú],2024-10-08,30
El Comercio [Perú],2024-10-09,40
El Comercio [Perú],2024-10-10,39
El Nuevo Día [Puerto Rico],2024-04-13,33
El Nuevo Día [Puerto Rico],2024-04-14,24
El Nuevo Día [Puerto Rico],2024-04-15,36
El Nuevo Día [Puerto Rico],2024-04-16,32
El Nuevo Día [Puerto Rico],2024-04-17,41
El Nuevo Día [Puerto Rico],2024-04-18,42
El Nuevo Día [Puerto Rico],2024-04-19,43
El Nuevo Día [Puerto Rico],2024-04-20,24
El Nuevo Día [Puerto Rico],2024-04-21,15
El Nuevo Día [Puerto Rico],2024-04-22,42
El Nuevo Día [Puerto Rico],2024-04-23,42
El Nuevo Día [Puerto Rico],2024-04-24,30
El Nuevo Día [Puerto Rico],2024-04-25,42
El Nuevo Día [Puerto Rico],2024-04-26,39
El Nuevo Día [Puerto Rico],2024-04-27,19
El Nuevo Día [Puerto Rico],2024-04-28,31
El Nuevo Día [Puerto Rico],2024-04-29,30
El Nuevo Día [Puerto Rico],2024-04-30,38
El Nuevo Día [Puerto Rico],2024-05-01,44
El Nuevo Día [Puerto Rico],2024-05-02,39
El Nuevo Día [Puerto Rico],2024-05-03,35
El Nuevo Día [Puerto Rico],2024-05-04,15
El Nuevo Día [Puerto Rico],2024-05-05,26
El Nuevo Día [Puerto Rico],2024-05-06,36
El Nuevo Día [Puerto Rico],2024-05-07,32
El Nuevo Día [Puerto Rico],2024-05-08,44
El Nuevo Día [Puerto Rico],2024-05-09,43
El Nuevo Día [Puerto Rico],2024-05-10,31
El Nuevo Día [Puerto Rico],2024-05-11,16
El Nuevo Día [Puerto Rico],2024-05-12,26
El Nuevo Día [Puerto Rico],2024-05-13,33
El Nuevo Día [Puerto Rico],2024-05-14,38
El Nuevo Día [Puerto Rico],2024-05-15,31
El Nuevo Día [Puerto Rico],2024-05-16,44
El Nuevo Día [Puerto Rico],2024-05-17,40
El Nuevo Día [Puerto Rico],2024-05-18,33
El Nuevo Día [Puerto Rico],2024-05-19,22
El Nuevo Día [Puerto Rico],2024-05-20,33
El Nuevo Día [Puerto Rico],2024-05-21,40
El Nuevo Día [Puerto Rico],2024-05-22,31
El Nuevo Día [Puerto Rico],2024-05-23,38
El Nuevo Día [Puerto Rico],2024-05-24,31
El Nuevo Día [Puerto Rico],2024-05-25,30
El Nuevo Día [Puerto Rico],2024-05-26,19
El Nuevo Día [Puerto Rico],2024-05-27,36
El Nuevo Día [Puerto Rico],2024-05-28,32
El Nuevo Día [Puerto Rico],2024-05-29,41
El Nuevo Día [Puerto Rico],2024-05-30,41
El Nuevo Día [Puerto Rico],2024-05-31,35
El Nuevo Día [Puerto Rico],2024-06-01,30
El Nuevo Día [Puerto Rico],2024-06-02,18
El Nuevo Día [Puerto Rico],2024-06-03,35
El Nuevo Día [Puerto Rico],2024-06-04,39
El Nuevo Día [Puerto Rico],2024-06-05,35
El Nuevo Día [Puerto Rico],2024-06-06,40
El Nuevo Día [Puerto Rico],2024-06-07,40
El Nuevo Día [Puerto Rico],2024-06-08,26
El Nuevo Día [Puerto Rico],2024-06-09,29
El Nuevo Día [Puerto Rico],2024-06-10,31
El Nuevo Día [Puerto Rico],2024-06-11,39
El Nuevo Día [Puerto Rico],2024-06-12,30
El Nuevo Día [Puerto Rico],2024-06-13,44
El Nuevo Día [Puerto Rico],2024-06-14,43
El Nuevo Día [Puerto Rico],2024-06-15,27
El Nuevo Día [Puerto Rico],2024-06-16,18
El Nuevo Día [Puerto Rico],2024-06-17,36
El Nuevo Día [Puerto Rico],2024-06-18,33
El Nuevo Día [Puerto Rico],2024-06-19,37
El Nuevo Día [Puerto Rico],2024-06-20,33
El Nuevo Día [Puerto Rico],2024-06-21,37
El Nuevo Día [Puerto Rico],2024-06-22,20
El Nuevo Día [Puerto Rico],2024-06-23,28
El Nuevo Día [Puerto Rico],2024-06-24,38
El Nuevo Día [Puerto Rico],2024-06-25,37
El Nuevo Día [Puerto Rico],2024-06-26,36
El Nuevo Día [Puerto Rico],2024-06-27,31
El Nuevo Día [Puerto Rico],2024-06-28,30
El Nuevo Día [Puerto Rico],2024-06-29,20
El Nuevo Día [Puerto Rico],2024-06-30,26
El Nuevo Día [Puerto Rico],2024-07-01,40
El Nuevo Día [Puerto Rico],2024-07-02,42
El Nuevo Día [Puerto Rico],2024-07-03,44
El Nuevo Día [Puerto Rico],2024-07-04,30
El Nuevo Día [Puerto Rico],2024-07-05,40
El Nuevo Día [Puerto Rico],2024-07-06,25
El Nuevo Día [Puerto Rico],2024-07-07,20
El Nuevo Día [Puerto Rico],2024-07-08,30
El Nuevo Día [Puerto Rico],2024-07-09,44
El Nuevo Día [Puerto Rico],2024-07-10,32
El Nuevo Día [Puerto Rico],2024-07-11,42
El Nuevo Día [Puerto Rico],2024-07-12,33
El Nuevo Día [Puerto Rico],2024-07-13,33
El Nuevo Día [Puerto Rico],2024-07-14,25
El Nuevo Día [Puerto Rico],2024-07-15,36
El Nuevo Día [Puerto Rico],2024-07-16,31
El Nuevo Día [Puerto Rico],2024-07-17,44
El Nuevo Día [Puerto Rico],2024-07-18,34
El Nuevo Día [Puerto Rico],2024-07-19,35
El Nuevo Día [Puerto Rico],2024-07-20,20
El Nuevo Día [Puerto Rico],2024-07-21,25
El Nuevo Día [Puerto Rico],2024-07-22,35
El Nuevo Día [Puerto Rico],2024-07-23,40
El Nuevo Día [Puerto Rico],2024-07-24,36
El Nuevo Día [Puerto Rico],2024-07-25,38
El Nuevo Día [Puerto Rico],2024-07-26,35
El Nuevo Día [Puerto Rico],2024-07-27,21
El Nuevo Día [Puerto Rico],2024-07-28,22
El Nuevo Día [Puerto Rico],2024-07-29,31
El Nuevo Día [Puerto Rico],2024-07-30,43
El Nuevo Día [Puerto Rico],2024-07-31,31
El Nuevo Día [Puerto Rico],2024-08-01,40
El Nuevo Día [Puerto Rico],2024-08-02,37
El Nuevo Día [Puerto Rico],2024-08-03,20
El Nuevo Día [Puerto Rico],2024-08-04,27
El Nuevo Día [Puerto Rico],2024-08-05,30
El Nuevo Día [Puerto Rico],2024-08-06,35
El Nuevo Día [Puerto Rico],2024-08-07,41
El Nuevo Día [Puerto Rico],2024-08-08,33
El Nuevo Día [Puerto Rico],2024-08-09,39
El Nuevo Día [Puerto Rico],2024-08-10,34
El Nuevo Día [Puerto Rico],2024-08-11,28
El Nuevo Día [Puerto Rico],2024-08-12,42
El Nuevo Día [Puerto Rico],2024-08-13,40
El Nuevo Día [Puerto Rico],2024-08-14,44
El Nuevo Día [Puerto Rico],2024-08-15,33
El Nuevo Día [Puerto Rico],2024-08-16,44
El Nuevo Día [Puerto Rico],2024-08-17,29
El Nuevo Día [Puerto Rico],2024-08-18,21
El Nuevo Día [Puerto Rico],2024-08-19,39
El Nuevo Día [Puerto Rico],2024-08-20,43
El Nuevo Día [Puerto Rico],2024-08-21,36
El Nuevo Día [Puerto Rico],2024-08-22,40
El Nuevo Día [Puerto Rico],2024-08-23,37
El Nuevo Día [Puerto Rico],2024-08-24,29
El Nuevo Día [Puerto Rico],2024-08-25,19
El Nuevo Día [Puerto Rico],2024-08-26,41
El Nuevo Día [Puerto Rico],2024-08-27,40
El Nuevo Día [Puerto Rico],2024-08-28,42
El Nuevo Día [Puerto Rico],2024-08-29,39
El Nuevo Día [Puerto Rico],2024-08-30,33
El Nuevo Día [Puerto Rico],2024-08-31,18
El Nuevo Día [Puerto Rico],2024-09-01,18
El Nuevo Día [Puerto Rico],2024-09-02,44
El Nuevo Día [Puerto Rico],2024-09-03,36
El Nuevo Día [Puerto Rico],2024-09-04,36
El Nuevo Día [Puerto Rico],2024-09-05,43
El Nuevo Día [Puerto Rico],2024-09-06,39
El Nuevo Día [Puerto Rico],2024-09-07,17
El Nuevo Día [Puerto Rico],2024-09-08,31
El Nuevo Día [Puerto Rico],2024-09-09,44
El Nuevo Día [Puerto Rico],2024-09-10,39
El Nuevo Día [Puerto Rico],2024-09-11,38
El Nuevo Día [Puerto Rico],2024-09-12,31
El Nuevo Día [Puerto Rico],2024-09-13,30
El Nuevo Día [Puerto Rico],2024-09-14,29
El Nuevo Día [Puerto Rico],2024-09-15,23
El Nuevo Día [Puerto Rico],2024-09-16,40
El Nuevo Día [Puerto Rico],2024-09-17,38
El Nuevo Día [Puerto Rico],2024-09-18,32
El Nuevo Día [Puerto Rico],2024-09-19,32
El Nuevo Día [Puerto Rico],2024-09-20,36
El Nuevo Día [Puerto Rico],2024-09-21,22
El Nuevo Día [Puerto Rico],2024-09-22,31
El Nuevo Día [Puerto Rico],2024-09-23,42
El Nuevo Día [Puerto Rico],2024-09-24,43
El Nuevo Día [Puerto Rico],2024-09-25,36
El Nuevo Día [Puerto Rico],2024-09-26,40
El Nuevo Día [Puerto Rico],2024-09-27,37
El Nuevo Día [Puerto Rico],2024-09-28,17
El Nuevo Día [Puerto Rico],2024-09-29,16
El Nuevo Día [Puerto Rico],2024-09-30,42
El Nuevo Día [Puerto Rico],2024-10-01,37
El Nuevo Día [Puerto Rico],2024-10-02,43
El Nuevo Día [Puerto Rico],2024-10-03,40
El Nuevo Día [Puerto Rico],2024-10-04,44
El Nuevo Día [Puerto Rico],2024-10-05,34
El Nuevo Día [Puerto Rico],2024-10-06,34
El Nuevo Día [Puerto Rico],2024-10-07,33
El Nuevo Día [Puerto Rico],2024-10-08,39
El Nuevo Día [Puerto Rico],2024-10-09,33
El Nuevo Día [Puerto Rico],2024-10-10,33
Listin Diario [Rep. Dominicana],2024-04-13,27
Listin Diario [Rep. Dominicana],2024-04-14,22
Listin Diario [Rep. Dominicana],2024-04-15,36
Listin Diario [Rep. Dominicana],2024-04-16,40
Listin Diario [Rep. Dominicana],2024-04-17,42
Listin Diario [Rep. Dominicana],2024-04-18,41
Listin Diario [Rep. Dominicana],2024-04-19,36
Listin Diario [Rep. Dominicana],2024-04-20,31
Listin Diario [Rep. Dominicana],2024-04-21,32
Listin Diario [Rep. Dominicana],2024-04-22,42
Listin Diario [Rep. Dominicana],2024-04-23,34
Listin Diario [Rep. Dominicana],2024-04-24,37
Listin Diario [Rep. Dominicana],2024-04-25,38
Listin Diario [Rep. Dominicana],2024-04-26,44
Listin Diario [Rep. Dominicana],2024-04-27,34
Listin Diario [Rep. Dominicana],2024-04-28,23
Listin Diario [Rep. Dominicana],2024-04-29,32
Listin Diario [Rep. Dominicana],2024-04-30,38
Listin Diario [Rep. Dominicana],2024-05-01,42
Listin Diario [Rep. Dominicana],2024-05-02,37
Listin Diario [Rep. Dominicana],2024-05-03,41
Listin Diario [Rep. Dominicana],2024-05-04,24
Listin Diario [Rep. Dominicana],2024-05-05,25
Listin Diario [Rep. Dominicana],2024-05-06,39
Listin Diario [Rep. Dominicana],2024-05-07,37
Listin Diario [Rep. Dominicana],2024-05-08,35
Listin Diario [Rep. Dominicana],2024-05-09,42
Listin Diario [Rep. Dominicana],2024-05-10,38
Listin Diario [Rep. Dominicana],2024-05-11,25
Listin Diario [Rep. Dominicana],2024-05-12,16
Listin Diario [Rep. Dominicana],2024-05-13,41
Listin Diario [Rep. Dominicana],2024-05-14,32
Listin Diario [Rep. Dominicana],2024-05-15,31
Listin Diario [Rep. Dominicana],2024-05-16,32
Listin Diario [Rep. Dominicana],2024-05-17,39
Listin Diario [Rep. Dominicana],2024-05-18,27
Listin Diario [Rep. Dominicana],2024-05-19,31
Listin Diario [Rep. Dominicana],2024-05-20,41
Listin Diario [Rep. Dominicana],2024-05-21,41
Listin Diario [Rep. Dominicana],2024-05-22,37
Listin Diario [Rep. Dominicana],2024-05-23,39
Listin Diario [Rep. Dominicana],2024-05-24,30
Listin Diario [Rep. Dominicana],2024-05-25,30
Listin Diario [Rep. Dominicana],2024-05-26,26
Listin Diario [Rep. Dominicana],2024-05-27,37
Listin Diario [Rep. Dominicana],2024-05-28,36
Listin Diario [Rep. Dominicana],2024-05-29,44
Listin Diario [Rep. Dominicana],2024-05-30,37
Listin Diario [Rep. Dominicana],2024-05-31,38
Listin Diario [Rep. Dominicana],2024-06-01,22
Listin Diario [Rep. Dominicana],2024-06-02,19
Listin Diario [Rep. Dominicana],2024-06-03,30
Listin Diario [Rep. Dominicana],2024-06-04,38
Listin Diario [Rep. Dominicana],2024-06-05,44
Listin Diario [Rep. Dominicana],2024-06-06,31
Listin Diario [Rep. Dominicana],2024-06-07,33
Listin Diario [Rep. Dominicana],2024-06-08,30
Listin Diario [Rep. Dominicana],2024-06-09,16
Listin Diario [Rep. Dominicana],2024-06-10,38
Listin Diario [Rep. Dominicana],2024-06-11,35
Listin Diario [Rep. Dominicana],2024-06-12,30
Listin Diario [Rep. Dominicana],2024-06-13,44
Listin Diario [Rep. Dominicana],2024-06-14,33
Listin Diario [Rep. Dominicana],2024-06-15,19
Listin Diario [Rep. Dominicana],2024-06-16,30
Listin Diario [Rep. Dominicana],2024-06-17,33
Listin Diario [Rep. Dominicana],2024-06-18,41
Listin Diario [Rep. Dominicana],2024-06-19,36
Listin Diario [Rep. Dominicana],2024-06-20,39
Listin Diario [Rep. Dominicana],2024-06-21,37
Listin Diario [Rep. Dominicana],2024-06-22,19
Listin Diario [Rep. Dominicana],2024-06-23,19
Listin Diario [Rep. Dominicana],2024-06-24,34
Listin Diario [Rep. Dominicana],2024-06-25,31
Listin Diario [Rep. Dominicana],2024-06-26,32
Listin Diario [Rep. Dominicana],2024-06-27,41
Listin Diario [Rep. Dominicana],2024-06-28,42
Listin Diario [Rep. Dominicana],2024-06-29,23
Listin Diario [Rep. Dominicana],2024-06-30,29
Listin Diario [Rep. Dominicana],2024-07-01,33
Listin Diario [Rep. Dominicana],2024-07-02,36
Listin Diario [Rep. Dominicana],2024-07-03,44
Listin Diario [Rep. Dominicana],2024-07-04,44
Listin Diario [Rep. Dominicana],2024-07-05,34
Listin Diario [Rep. Dominicana],2024-07-06,20
Listin Diario [Rep. Dominicana],2024-07-07,22
Listin Diario [Rep. Dominicana],2024-07-08,35
Listin Diario [Rep. Dominicana],2024-07-09,35
Listin Diario [Rep. Dominicana],2024-07-10,42
Listin Diario [Rep. Dominicana],2024-07-11,43
Listin Diario [Rep. Dominicana],2024-07-12,44
Listin Diario [Rep. Dominicana],2024-07-13,27
Listin Diario [Rep. Dominicana],2024-07-14,17
Listin Diario [Rep. Dominicana],2024-07-15,39
Listin Diario [Rep. Dominicana],2024-07-16,31
Listin Diario [Rep. Dominicana],2024-07-17,39
Listin Diario [Rep. Dominicana],2024-07-18,40
Listin Diario [Rep. Dominicana],2024-07-19,30
Listin Diario [Rep. Dominicana],2024-07-20,27
Listin Diario [Rep. Dominicana],2024-07-21,29
Listin Diario [Rep. Dominicana],2024-07-22,44
Listin Diario [Rep. Dominicana],2024-07-23,32
Listin Diario [Rep. Dominicana],2024-07-24,32
Listin Diario [Rep. Dominicana],2024-07-25,37
Listin Diario [Rep. Dominicana],2024-07-26,30
Listin Diario [Rep. Dominicana],2024-07-27,15
Listin Diario [Rep. Dominicana],2024-07-28,27
Listin Diario [Rep. Dominicana],2024-07-29,43
Listin Diario [Rep. Dominicana],2024-07-30,44
Listin Diario [Rep. Dominicana],2024-07-31,40
Listin Diario [Rep. Dominicana],2024-08-01,43
Listin Diario [Rep. Dominicana],2024-08-02,41
Listin Diario [Rep. Dominicana],2024-08-03,17
Listin Diario [Rep. Dominicana],2024-08-04,25
Listin Diario [Rep. Dominicana],2024-08-05,31
Listin Diario [Rep. Dominicana],2024-08-06,41
Listin Diario [Rep. Dominicana],2024-08-07,42
Listin Diario [Rep. Dominicana],2024-08-08,43
Listin Diario [Rep. Dominicana],2024-08-09,31
Listin Diario [Rep. Dominicana],2024-08-10,21
Listin Diario [Rep. Dominicana],2024-08-11,27
Listin Diario [Rep. Dominicana],2024-08-12,37
Listin Diario [Rep. Dominicana],2024-08-13,41
Listin Diario [Rep. Dominicana],2024-08-14,35
Listin Diario [Rep. Dominicana],2024-08-15,37
Listin Diario [Rep. Dominicana],2024-08-16,34
Listin Diario [Rep. Dominicana],2024-08-17,30
Listin Diario [Rep. Dominicana],2024-08-18,25
Listin Diario [Rep. Dominicana],2024-08-19,44
Listin Diario [Rep. Dominicana],2024-08-20,32
Listin Diario [Rep. Dominicana],2024-08-21,37
Listin Diario [Rep. Dominicana],2024-08-22,30
Listin Diario [Rep. Dominicana],2024-08-23,36
Listin Diario [Rep. Dominicana],2024-08-24,24
Listin Diario [Rep. Dominicana],2024-08-25,26
Listin Diario [Rep. Dominicana],2024-08-26,30
Listin Diario [Rep. Dominicana],2024-08-27,36
Listin Diario [Rep. Dominicana],2024-08-28,44
Listin Diario [Rep. Dominicana],2024-08-29,36
Listin Diario [Rep. Dominicana],2024-08-30,31
Listin Diario [Rep. Dominicana],2024-08-31,29
Listin Diario [Rep. Dominicana],2024-09-01,28
Listin Diario [Rep. Dominicana],2024-09-02,32
Listin Diario [Rep. Dominicana],2024-09-03,39
Listin Diario [Rep. Dominicana],2024-09-04,34
Listin Diario [Rep. Dominicana],2024-09-05,36
Listin Diario [Rep. Dominicana],2024-09-06,43
Listin Diario [Rep. Dominicana],2024-09-07,24
Listin Diario [Rep. Dominicana],2024-09-08,25
Listin Diario [Rep. Dominicana],2024-09-09,31
Listin Diario [Rep. Dominicana],2024-09-10,39
Listin Diario [Rep. Dominicana],2024-09-11,41
Listin Diario [Rep. Dominicana],2024-09-12,39
Listin Diario [Rep. Dominicana],2024-09-13,33
Listin Diario [Rep. Dominicana],2024-09-14,29
Listin Diario [Rep. Dominicana],2024-09-15,29
Listin Diario [Rep. Dominicana],2024-09-16,41
Listin Diario [Rep. Dominicana],2024-09-17,40
Listin Diario [Rep. Dominicana],2024-09-18,30
Listin Diario [Rep. Dominicana],2024-09-19,37
Listin Diario [Rep. Dominicana],2024-09-20,33
Listin Diario [Rep. Dominicana],2024-09-21,29
Listin Diario [Rep. Dominicana],2024-09-22,30
Listin Diario [Rep. Dominicana],2024-09-23,42
Listin Diario [Rep. Dominicana],2024-09-24,34
Listin Diario [Rep. Dominicana],2024-09-25,33
Listin Diario [Rep. Dominicana],2024-09-26,32
Listin Diario [Rep. Dominicana],2024-09-27,34
Listin Diario [Rep. Dominicana],2024-09-28,34
Listin Diario [Rep. Dominicana],2024-09-29,16
Listin Diario [Rep. Dominicana],2024-09-30,35
Listin Diario [Rep. Dominicana],2024-10-01,32
Listin Diario [Rep. Dominicana],2024-10-02,40
Listin Diario [Rep. Dominicana],2024-10-03,33
Listin Diario [Rep. Dominicana],2024-10-04,44
Listin Diario [Rep. Dominicana],2024-10-05,33
Listin Diario [Rep. Dominicana],2024-10-06,34
Listin Diario [Rep. Dominicana],2024-10-07,33
Listin Diario [Rep. Dominicana],2024-10-08,31
Listin Diario [Rep. Dominicana],2024-10-09,36
Listin Diario [Rep. Dominicana],2024-10-10,35
El País [Uruguay],2024-04-13,26
El País [Uruguay],2024-04-14,23
El País [Uruguay],2024-04-15,33
El País [Uruguay],2024-04-16,44
El País [Uruguay],2024-04-17,42
El País [Uruguay],2024-04-18,31
El País [Uruguay],2024-04-19,31
El País [Uruguay],2024-04-20,31
El País [Uruguay],2024-04-21,21
El País [Uruguay],2024-04-22,40
El País [Uruguay],2024-04-23,36
El País [Uruguay],2024-04-24,41
El País [Uruguay],2024-04-25,41
El País [Uruguay],2024-04-26,34
El País [Uruguay],2024-04-27,24
El País [Uruguay],2024-04-28,25
El País [Uruguay],2024-04-29,40
El País [Uruguay],2024-04-30,32
El País [Uruguay],2024-05-01,35
El País [Uruguay],2024-05-02,31
El País [Uruguay],2024-05-03,33
El País [Uruguay],2024-05-04,24
El País [Uruguay],2024-05-05,27
El País [Uruguay],2024-05-06,44
El País [Uruguay],2024-05-07,42
El País [Uruguay],2024-05-08,31
El País [Uruguay],2024-05-09,31
El País [Uruguay],2024-05-10,41
El País [Uruguay],2024-05-11,23
El País [Uruguay],2024-05-12,16
El País [Uruguay],2024-05-13,41
El País [Uruguay],2024-05-14,41
El País [Uruguay],2024-05-15,40
El País [Uruguay],2024-05-16,43
El País [Uruguay],2024-05-17,41
El País [Uruguay],2024-05-18,21
El País [Uruguay],2024-05-19,19
El País [Uruguay],2024-05-20,31
El País [Uruguay],2024-05-21,37
El País [Uruguay],2024-05-22,33
El País [Uruguay],2024-05-23,42
El País [Uruguay],2024-05-24,30
El País [Uruguay],2024-05-25,32
El País [Uruguay],2024-05-26,27
El País [Uruguay],2024-05-27,33
El País [Uruguay],2024-05-28,43
El País [Uruguay],2024-05-29,35
El País [Uruguay],2024-05-30,42
El País [Uruguay],2024-05-31,36
El País [Uruguay],2024-06-01,26
El País [Uruguay],2024-06-02,29
El País [Uruguay],2024-06-03,42
El País [Uruguay],2024-06-04,37
El País [Uruguay],2024-06-05,40
El País [Uruguay],2024-06-06,32
El País [Uruguay],2024-06-07,43
El País [Uruguay],2024-06-08,22
El País [Uruguay],2024-06-09,17
El País [Uruguay],2024-06-10,35
El País [Uruguay],2024-06-11,31
El País [Uruguay],2024-06-12,40
El País [Uruguay],2024-06-13,30
El País [Uruguay],2024-06-14,40
El País [Uruguay],2024-06-15,25
El País [Uruguay],2024-06-16,28
El País [Uruguay],2024-06-17,39
El País [Uruguay],2024-06-18,30
El País [Uruguay],2024-06-19,35
El País [Uruguay],2024-06-20,32
El País [Uruguay],2024-06-21,32
El País [Uruguay],2024-06-22,26
El País [Uruguay],2024-06-23,23
El País [Uruguay],2024-06-24,35
El País [Uruguay],2024-06-25,42
El País [Uruguay],2024-06-26,41
El País [Uruguay],2024-06-27,33
El País [Uruguay],2024-06-28,35
El País [Uruguay],2024-06-29,34
El País [Uruguay],2024-06-30,30
El País [Uruguay],2024-07-01,40
El País [Uruguay],2024-07-02,33
El País [Uruguay],2024-07-03,36
El País [Uruguay],2024-07-04,44
El País [Uruguay],2024-07-05,39
El País [Uruguay],2024-07-06,20
El País [Uruguay],2024-07-07,20
El País [Uruguay],2024-07-08,30
El País [Uruguay],2024-07-09,32
El País [Uruguay],2024-07-10,33
El País [Uruguay],2024-07-11,36
El País [Uruguay],2024-07-12,33
El País [Uruguay],2024-07-13,20
El País [Uruguay],2024-07-14,33
El País [Uruguay],2024-07-15,37
El País [Uruguay],2024-07-16,38
El País [Uruguay],2024-07-17,38
El País [Uruguay],2024-07-18,40
El País [Uruguay],2024-07-19,39
El País [Uruguay],2024-07-20,23
El País [Uruguay],2024-07-21,25
El País [Uruguay],2024-07-22,38
El País [Uruguay],2024-07-23,30
El País [Uruguay],2024-07-24,32
El País [Uruguay],2024-07-25,32
El País [Uruguay],2024-07-26,33
El País [Uruguay],2024-07-27,28
El País [Uruguay],2024-07-28,29
El País [Uruguay],2024-07-29,36
El País [Uruguay],2024-07-30,35
El País [Uruguay],2024-07-31,38
El País [Uruguay],2024-08-01,36
El País [Uruguay],2024-08-02,35
El País [Uruguay],2024-08-03,15
El País [Uruguay],2024-08-04,16
El País [Uruguay],2024-08-05,40
El País [Uruguay],2024-08-06,30
El País [Uruguay],2024-08-07,38
El País [Uruguay],2024-08-08,42
El País [Uruguay],2024-08-09,31
El País [Uruguay],2024-08-10,28
El País [Uruguay],2024-08-11,30
El País [Uruguay],2024-08-12,40
El País [Uruguay],2024-08-13,36
El País [Uruguay],2024-08-14,36
El País [Uruguay],2024-08-15,43
El País [Uruguay],2024-08-16,41
El País [Uruguay],2024-08-17,32
El País [Uruguay],2024-08-18,27
El País [Uruguay],2024-08-19,37
El País [Uruguay],2024-08-20,34
El País [Uruguay],2024-08-21,34
El País [Uruguay],2024-08-22,30
El País [Uruguay],2024-08-23,35
El País [Uruguay],2024-08-24,23
El País [Uruguay],2024-08-25,15
El País [Uruguay],2024-08-26,44
El País [Uruguay],2024-08-27,34
El País [Uruguay],2024-08-28,32
El País [Uruguay],2024-08-29,41
El País [Uruguay],2024-08-30,30
El País [Uruguay],2024-08-31,25
El País [Uruguay],2024-09-01,18
El País [Uruguay],2024-09-02,37
El País [Uruguay],2024-09-03,44
El País [Uruguay],2024-09-04,36
El País [Uruguay],2024-09-05,40
El País [Uruguay],2024-09-06,36
El País [Uruguay],2024-09-07,33
El País [Uruguay],2024-09-08,27
El País [Uruguay],2024-09-09,39
El País [Uruguay],2024-09-10,39
El País [Uruguay],2024-09-11,44
El País [Uruguay],2024-09-12,44
El País [Uruguay],2024-09-13,41
El País [Uruguay],2024-09-14,20
El País [Uruguay],2024-09-15,27
El País [Uruguay],2024-09-16,37
El País [Uruguay],2024-09-17,44
El País [Uruguay],2024-09-18,32
El País [Uruguay],2024-09-19,42
El País [Uruguay],2024-09-20,41
El País [Uruguay],2024-09-21,21
El País [Uruguay],2024-09-22,16
El País [Uruguay],2024-09-23,30
El País [Uruguay],2024-09-24,39
El País [Uruguay],2024-09-25,37
El País [Uruguay],2024-09-26,31
El País [Uruguay],2024-09-27,41
El País [Uruguay],2024-09-28,28
El País [Uruguay],2024-09-29,25
El País [Uruguay],2024-09-30,40
El País [Uruguay],2024-10-01,42
El País [Uruguay],2024-10-02,31
El País [Uruguay],2024-10-03,38
El País [Uruguay],2024-10-04,40
El País [Uruguay],2024-10-05,34
El País [Uruguay],2024-10-06,16
El País [Uruguay],2024-10-07,37
El País [Uruguay],2024-10-08,36
El País [Uruguay],2024-10-09,34
El País [Uruguay],2024-10-10,31
El Nacional,2024-04-13,24
El Nacional,2024-04-14,26
El Nacional,2024-04-15,44
El Nacional,2024-04-16,32
El Nacional,2024-04-17,39
El Nacional,2024-04-18,42
El Nacional,2024-04-19,30
El Nacional,2024-04-20,33
El Nacional,2024-04-21,15
El Nacional,2024-04-22,33
El Nacional,2024-04-23,34
El Nacional,2024-04-24,44
El Nacional,2024-04-25,35
El Nacional,2024-04-26,41
El Nacional,2024-04-27,30
El Nacional,2024-04-28,28
El Nacional,2024-04-29,36
El Nacional,2024-04-30,37
El Nacional,2024-05-01,30
El Nacional,2024-05-02,36
El Nacional,2024-05-03,43
El Nacional,2024-05-04,29
El Nacional,2024-05-05,21
El Nacional,2024-05-06,37
El Nacional,2024-05-07,32
El Nacional,2024-05-08,33
El Nacional,2024-05-09,38
El Nacional,2024-05-10,44
El Nacional,2024-05-11,30
El Nacional,2024-05-12,34
El Nacional,2024-05-13,41
El Nacional,2024-05-14,31
El Nacional,2024-05-15,38
El Nacional,2024-05-16,42
El Nacional,2024-05-17,40
El Nacional,2024-05-18,17
El Nacional,2024-05-19,33
El Nacional,2024-05-20,33
El Nacional,2024-05-21,32
El Nacional,2024-05-22,38
El Nacional,2024-05-23,43
El Nacional,2024-05-24,31
El Nacional,2024-05-25,33
El Nacional,2024-05-26,23
El Nacional,2024-05-27,30
El Nacional,2024-05-28,37
El Nacional,2024-05-29,38
El Nacional,2024-05-30,34
El Nacional,2024-05-31,38
El Nacional,2024-06-01,24
El Nacional,2024-06-02,34
El Nacional,2024-06-03,33
El Nacional,2024-06-04,44
El Nacional,2024-06-05,38
El Nacional,2024-06-06,33
El Nacional,2024-06-07,32
El Nacional,2024-06-08,19
El Nacional,2024-06-09,29
El Nacional,2024-06-10,33
El Nacional,2024-06-11,42
El Nacional,2024-06-12,44
El Nacional,2024-06-13,43
El Nacional,2024-06-14,34
El Nacional,2024-06-15,18
El Nacional,2024-06-16,24
El Nacional,2024-06-17,31
El Nacional,2024-06-18,36
El Nacional,2024-06-19,36
El Nacional,2024-06-20,43
El Nacional,2024-06-21,36
El Nacional,2024-06-22,34
El Nacional,2024-06-23,27
El Nacional,2024-06-24,39
El Nacional,2024-06-25,36
El Nacional,2024-06-26,32
El Nacional,2024-06-27,33
El Nacional,2024-06-28,40
El Nacional,2024-06-29,29
El Nacional,2024-06-30,23
El Nacional,2024-07-01,41
El Nacional,2024-07-02,43
El Nacional,2024-07-03,33
El Nacional,2024-07-04,30
El Nacional,2024-07-05,35
El Nacional,2024-07-06,32
El Nacional,2024-07-07,24
El Nacional,2024-07-08,42
El Nacional,2024-07-09,31
El Nacional,2024-07-10,37
El Nacional,2024-07-11,42
El Nacional,2024-07-12,30
El Nacional,2024-07-13,33
El Nacional,2024-07-14,25
El Nacional,2024-07-15,32
El Nacional,2024-07-16,35
El Nacional,2024-07-17,40
El Nacional,2024-07-18,35
El Nacional,2024-07-19,42
El Nacional,2024-07-20,22
El Nacional,2024-07-21,17
El Nacional,2024-07-22,40
El Nacional,2024-07-23,35
El Nacional,2024-07-24,38
El Nacional,2024-07-25,34
El Nacional,2024-07-26,33
El Nacional,2024-07-27,31
El Nacional,2024-07-28,30
El Nacional,2024-07-29,43
El Nacional,2024-07-30,44
El Nacional,2024-07-31,44
El Nacional,2024-08-01,33
El Nacional,2024-08-02,35
El Nacional,2024-08-03,29
El Nacional,2024-08-04,32
El Nacional,2024-08-05,44
El Nacional,2024-08-06,42
El Nacional,2024-08-07,37
El Nacional,2024-08-08,43
El Nacional,2024-08-09,30
El Nacional,2024-08-10,26
El Nacional,2024-08-11,16
El Nacional,2024-08-12,42
El Nacional,2024-08-13,42
El Nacional,2024-08-14,37
El Nacional,2024-08-15,30
El Nacional,2024-08-16,37
El Nacional,2024-08-17,17
El Nacional,2024-08-18,31
El Nacional,2024-08-19,39
El Nacional,2024-08-20,34
El Nacional,2024-08-21,35
El Nacional,2024-08-22,34
El Nacional,2024-08-23,32
El Nacional,2024-08-24,23
El Nacional,2024-08-25,16
El Nacional,2024-08-26,35
El Nacional,2024-08-27,36
El Nacional,2024-08-28,43
El Nacional,2024-08-29,30
El Nacional,2024-08-30,33
El Nacional,2024-08-31,25
El Nacional,2024-09-01,23
El Nacional,2024-09-02,43
El Nacional,2024-09-03,31
El Nacional,2024-09-04,30
El Nacional,2024-09-05,35
El Nacional,2024-09-06,40
El Nacional,2024-09-07,31
El Nacional,2024-09-08,33
El Nacional,2024-09-09,32
El Nacional,2024-09-10,39
El Nacional,2024-09-11,35
El Nacional,2024-09-12,43
El Nacional,2024-09-13,40
El Nacional,2024-09-14,28
El Nacional,2024-09-15,26
El Nacional,2024-09-16,32
El Nacional,2024-09-17,37
El Nacional,2024-09-18,30
El Nacional,2024-09-19,37
El Nacional,2024-09-20,35
El Nacional,2024-09-21,17
El Nacional,2024-09-22,33
El Nacional,2024-09-23,30
El Nacional,2024-09-24,36
El Nacional,2024-09-25,43
El Nacional,2024-09-26,43
El Nacional,2024-09-27,37
El Nacional,2024-09-28,26
El Nacional,2024-09-29,15
El Nacional,2024-09-30,35
El Nacional,2024-10-01,30
El Nacional,2024-10-02,41
El Nacional,2024-10-03,37
El Nacional,2024-10-04,30
El Nacional,2024-10-05,25
El Nacional,2024-10-06,21
El Nacional,2024-10-07,41
El Nacional,2024-10-08,42
El Nacional,2024-10-09,36
El Nacional,2024-10-10,31